"","rk","g","date","age","team_code","location","opp","X.1","gs","mp","gmsc","player_gamelog_url","season_type","player_id","season","fg","fga","fg.","X3p","X3pa","X3p.","ft","fta","ft.","orb","drb","trb","ast","stl","blk","tov","pf","pts","home_away","ts.","efg.","orb.","drb.","trb.","ast.","stl.","blk.","tov.","usg.","ortg","drtg","net_rtg","true_shooting"
"1","1","1",2010-10-27,"20-178","IND","@","SAS","L (-13)","0","22:42","2.5","http://www.basketball-reference.com/players/g/georgpa01/gamelog/2011","RS","georgpa01",2011,"1","5",".200","0","3",".000","2","2","1.000",1,2,3,2,2,1,3,2,4,"-1",".340",".200","6.0","11.7","8.9","10.9","4.2","3.4","33.8",16.7,67,116,-49,34
"45","2","2",2010-10-29,"20-180","IND","@","CHA","W (+3)","0","21:27","6.4","http://www.basketball-reference.com/players/g/georgpa01/gamelog/2011","RS","georgpa01",2011,"3","6",".500","2","4",".500","0","0","",0,3,3,2,0,1,0,4,8,"-9",".667",".667","0.0","16.8","8.5","15.3","0.0","3.9","0.0",13.4,139,113,26,66.7
"83","3","3",2010-10-30,"20-181","IND","","PHI","W (+13)","0","20:18","5.6","http://www.basketball-reference.com/players/g/georgpa01/gamelog/2011","RS","georgpa01",2011,"3","6",".500","2","4",".500","0","0","",1,3,4,2,0,0,2,1,8,"-9",".667",".667","4.7","15.1","9.8","15.8","0.0","0.0","25.0",16,109,95,14,66.7
"117","4","4",2010-11-03,"20-185","IND","@","PHI","L (-26)","0","14:42","0.5","http://www.basketball-reference.com/players/g/georgpa01/gamelog/2011","RS","georgpa01",2011,"1","4",".250","0","2",".000","0","0","",0,2,2,1,1,0,1,1,2,"-16",".250",".250","0.0","14.8","6.5","13.2","3.5","0.0","20.0",14.9,48,105,-57,25
"151","5","5",2010-11-05,"20-187","IND","","MIL","L (-4)","0","14:15","5.8","http://www.basketball-reference.com/players/g/georgpa01/gamelog/2011","RS","georgpa01",2011,"4","9",".444","2","5",".400","0","0","",0,3,3,0,0,0,0,1,10,"-4",".556",".556","0.0","20.6","11.4","0.0","0.0","0.0","0.0",28.3,104,98,6,55.6
"185","6","6",2010-11-09,"20-191","IND","","DEN","W (+31)","0","12:59","4.9","http://www.basketball-reference.com/players/g/georgpa01/gamelog/2011","RS","georgpa01",2011,"1","4",".250","1","4",".250","1","2",".500",0,2,2,3,1,0,0,0,4,"+1",".410",".375","0.0","15.4","9.6","21.2","3.8","0.0","0.0",16.4,129,112,17,41
"208","7","7",2010-11-18,"20-200","IND","","LAC","W (+27)","0","16:19","1.1","http://www.basketball-reference.com/players/g/georgpa01/gamelog/2011","RS","georgpa01",2011,"1","4",".250","0","1",".000","1","1","1.000",1,1,2,3,0,0,1,4,3,"+3",".338",".250","8.4","5.4","6.6","24.5","0.0","0.0","18.4",16,95,96,-1,33.8
"222","8","8",2010-11-23,"20-205","IND","","CLE","W (+11)","0","9:11","-1.8","http://www.basketball-reference.com/players/g/georgpa01/gamelog/2011","RS","georgpa01",2011,"0","3",".000","0","2",".000","0","0","",0,1,1,0,0,0,0,0,0,"-15",".000",".000","0.0","11.1","5.7","0.0","0.0","0.0","0.0",15.3,0,102,-102,0
"226","9","9",2010-12-29,"20-241","IND","@","WAS","L (-14)","0","2:23","-0.4","http://www.basketball-reference.com/players/g/georgpa01/gamelog/2011","RS","georgpa01",2011,"0","0","","0","0","","0","0","",0,0,0,0,1,0,1,1,0,"-1","","","0.0","0.0","0.0","0.0","21.7","0.0","100.0",18.3,0,75,-75,NA
"5","10","10",2010-12-31,"20-243","IND","","WAS","W (+9)","0","18:15","15.4","http://www.basketball-reference.com/players/g/georgpa01/gamelog/2011","RS","georgpa01",2011,"5","8",".625","0","1",".000","3","3","1.000",1,6,7,1,5,0,1,3,13,"+7",".697",".625","7.1","33.6","21.9","10.6","13.7","0.0","9.7",24.9,135,60,75,69.7
"9","11","11",2011-01-02,"20-245","IND","@","NYK","L (-6)","0","9:24","4.1","http://www.basketball-reference.com/players/g/georgpa01/gamelog/2011","RS","georgpa01",2011,"2","4",".500","1","2",".500","0","0","",2,1,3,0,0,2,0,5,5,"-6",".625",".625","17.9","11.3","15.0","0.0","0.0","18.2","0.0",16.8,145,96,49,62.5
"13","12","12",2011-01-07,"20-250","IND","","SAS","L (-3)","0","9:59","-1.9","http://www.basketball-reference.com/players/g/georgpa01/gamelog/2011","RS","georgpa01",2011,"0","2",".000","0","1",".000","0","0","",0,1,1,0,0,0,0,2,0,"-8",".000",".000","0.0","11.2","5.5","0.0","0.0","0.0","0.0",8.9,0,104,-104,0
"17","13","13",2011-01-08,"20-251","IND","@","ATL","L (-15)","0","21:15","8.4","http://www.basketball-reference.com/players/g/georgpa01/gamelog/2011","RS","georgpa01",2011,"5","10",".500","0","3",".000","0","0","",1,5,6,0,2,0,0,2,10,"+4",".500",".500","5.3","25.7","15.6","0.0","4.7","0.0","0.0",20.9,107,102,5,50
"21","14","14",2011-01-11,"20-254","IND","@","PHI","W (+8)","0","3:40","3.0","http://www.basketball-reference.com/players/g/georgpa01/gamelog/2011","RS","georgpa01",2011,"1","1","1.000","0","0","","0","0","",0,1,1,0,1,0,0,0,2,"+2","1.000","1.000","0.0","36.4","17.2","0.0","14.1","0.0","0.0",12.3,200,81,119,100
"25","15","15",2011-01-12,"20-255","IND","","DAL","W (+13)","0","17:48","13.7","http://www.basketball-reference.com/players/g/georgpa01/gamelog/2011","RS","georgpa01",2011,"6","9",".667","4","6",".667","0","0","",0,4,4,0,2,0,0,4,16,"+9",".889",".889","0.0","24.0","12.4","0.0","6.3","0.0","0.0",24.3,168,91,77,88.9
"29","16","16",2011-01-14,"20-257","IND","","CHI","L (-13)","0","25:29","4.7","http://www.basketball-reference.com/players/g/georgpa01/gamelog/2011","RS","georgpa01",2011,"3","7",".429","1","1","1.000","1","2",".500",0,3,3,0,0,1,0,2,8,"-1",".508",".500","0.0","12.3","5.4","0.0","0.0","2.8","0.0",13.5,108,110,-2,50.8
"33","17","17",2011-01-17,"20-260","IND","@","LAC","L (-7)","0","11:14","4.9","http://www.basketball-reference.com/players/g/georgpa01/gamelog/2011","RS","georgpa01",2011,"3","5",".600","0","1",".000","0","0","",0,1,1,0,1,1,0,2,6,"-1",".600",".600","0.0","12.6","6.1","0.0","4.5","6.6","0.0",21,112,110,2,60
"37","18","18",2011-01-19,"20-262","IND","@","GSW","L (-2)","0","11:52","7.0","http://www.basketball-reference.com/players/g/georgpa01/gamelog/2011","RS","georgpa01",2011,"2","4",".500","0","1",".000","4","4","1.000",1,4,5,1,1,0,1,4,8,"+14",".694",".500","9.4","39.5","24.1","14.0","4.2","0.0","14.8",24.5,137,104,33,69.4
"41","19","19",2011-01-22,"20-265","IND","@","POR","L (-5)","0","7:24","5.6","http://www.basketball-reference.com/players/g/georgpa01/gamelog/2011","RS","georgpa01",2011,"3","5",".600","1","3",".333","0","0","",1,2,3,0,0,0,0,1,7,"0",".700",".700","16.6","30.9","24.0","0.0","0.0","0.0","0.0",31.8,141,107,34,70
"49","20","20",2011-01-23,"20-266","IND","@","DEN","L (-14)","0","26:31","13.5","http://www.basketball-reference.com/players/g/georgpa01/gamelog/2011","RS","georgpa01",2011,"7","10",".700","2","3",".667","1","2",".500",0,0,0,0,2,1,0,4,17,"-2",".781",".800","0.0","0.0","0.0","0.0","3.7","2.5","0.0",17.3,149,119,30,78.1
"53","21","21",2011-01-26,"20-269","IND","","ORL","L (-15)","0","32:32","6.8","http://www.basketball-reference.com/players/g/georgpa01/gamelog/2011","RS","georgpa01",2011,"3","9",".333","0","4",".000","4","4","1.000",0,7,7,2,2,0,2,4,10,"-4",".465",".333","0.0","25.2","11.9","9.7","3.1","0.0","15.7",17.7,87,111,-24,46.5
"57","22","22",2011-01-28,"20-271","IND","","NJN","W (+32)","0","24:02","14.4","http://www.basketball-reference.com/players/g/georgpa01/gamelog/2011","RS","georgpa01",2011,"6","7",".857","1","2",".500","2","4",".500",1,2,3,3,1,1,2,1,15,"+2",".856",".929","6.2","11.4","8.9","15.8","2.2","3.0","18.6",21.9,141,101,40,85.6
"61","23","23",2011-01-29,"20-272","IND","@","CHI","L (-21)","0","26:07","0.9","http://www.basketball-reference.com/players/g/georgpa01/gamelog/2011","RS","georgpa01",2011,"3","10",".300","0","3",".000","2","4",".500",0,3,3,0,0,0,1,1,8,"-24",".340",".300","0.0","13.1","6.5","0.0","0.0","0.0","7.8",22.6,66,125,-59,34
"65","24","24",2011-01-31,"20-274","IND","","TOR","W (+11)","0","24:34","14.3","http://www.basketball-reference.com/players/g/georgpa01/gamelog/2011","RS","georgpa01",2011,"4","8",".500","1","3",".333","7","8",".875",1,3,4,1,1,2,2,0,16,"+16",".694",".563","4.8","11.1","8.3","6.9","1.9","4.5","14.8",22.3,132,89,43,69.4
"68","25","25",2011-02-02,"20-276","IND","@","CLE","W (+5)","0","20:39","11.6","http://www.basketball-reference.com/players/g/georgpa01/gamelog/2011","RS","georgpa01",2011,"4","6",".667","3","4",".750","2","2","1.000",0,2,2,2,1,0,1,2,13,"+2",".945",".917","0.0","11.9","5.7","14.7","2.4","0.0","12.7",15.4,166,115,51,94.5
"71","26","26",2011-02-04,"20-278","IND","","POR","W (+13)","0","23:36","1.2","http://www.basketball-reference.com/players/g/georgpa01/gamelog/2011","RS","georgpa01",2011,"1","6",".167","0","3",".000","4","6",".667",0,4,4,0,0,0,1,1,6,"-7",".347",".167","0.0","15.6","8.4","0.0","0.0","0.0","10.4",17.5,73,93,-20,34.7
"74","27","27",2011-02-06,"20-280","IND","@","NJN","W (+19)","0","27:36","11.5","http://www.basketball-reference.com/players/g/georgpa01/gamelog/2011","RS","georgpa01",2011,"5","12",".417","0","2",".000","4","5",".800",3,3,6,1,2,0,1,1,14,"+17",".493",".417","13.0","11.1","12.0","5.7","3.9","0.0","6.6",24.5,116,93,23,49.3
"77","28","28",2011-02-08,"20-282","IND","@","MIA","L (-5)","0","22:17","3.5","http://www.basketball-reference.com/players/g/georgpa01/gamelog/2011","RS","georgpa01",2011,"3","10",".300","0","4",".000","2","2","1.000",1,2,3,0,1,0,1,0,8,"-14",".368",".300","5.8","12.0","8.9","0.0","2.3","0.0","8.4",23.7,82,125,-43,36.8
"80","29","29",2011-02-09,"20-283","IND","","CHA","W (+1)","0","16:49","3.8","http://www.basketball-reference.com/players/g/georgpa01/gamelog/2011","RS","georgpa01",2011,"3","7",".429","0","2",".000","1","1","1.000",2,1,3,2,0,0,1,4,7,"+3",".470",".429","13.9","7.0","10.4","18.8","0.0","0.0","11.8",22.6,107,119,-12,47
"87","30","30",2011-02-11,"20-285","IND","","MIN","W (+11)","0","28:27","12.1","http://www.basketball-reference.com/players/g/georgpa01/gamelog/2011","RS","georgpa01",2011,"5","10",".500","1","3",".333","0","0","",1,3,4,4,1,1,0,0,11,"0",".550",".550","4.6","9.9","7.7","20.7","1.8","2.3","0.0",15.1,139,110,29,55
"90","31","31",2011-02-12,"20-286","IND","@","MIL","W (+6)","0","24:19","6.3","http://www.basketball-reference.com/players/g/georgpa01/gamelog/2011","RS","georgpa01",2011,"3","6",".500","1","3",".333","4","8",".500",0,7,7,0,0,0,1,3,11,"+2",".578",".583","0.0","30.0","16.6","0.0","0.0","0.0","9.5",19.8,107,104,3,57.8
"93","32","32",2011-02-15,"20-289","IND","","MIA","L (-7)","0","31:27","12.4","http://www.basketball-reference.com/players/g/georgpa01/gamelog/2011","RS","georgpa01",2011,"4","7",".571","3","4",".750","3","3","1.000",0,5,5,2,1,0,1,3,14,"-2",".841",".786","0.0","17.3","8.0","10.2","1.5","0.0","10.7",13,151,111,40,84.1
"96","33","33",2011-02-16,"20-290","IND","@","DET","L (-6)","0","12:14","-3.2","http://www.basketball-reference.com/players/g/georgpa01/gamelog/2011","RS","georgpa01",2011,"0","3",".000","0","1",".000","0","0","",0,1,1,0,0,0,1,1,0,"-3",".000",".000","0.0","9.6","4.8","0.0","0.0","0.0","25.0",15.2,0,126,-126,0
"99","34","34",2011-02-22,"20-296","IND","@","WAS","W (+17)","0","25:18","8.0","http://www.basketball-reference.com/players/g/georgpa01/gamelog/2011","RS","georgpa01",2011,"5","11",".455","0","3",".000","1","1","1.000",2,7,9,2,1,2,3,4,11,"+3",".481",".455","7.3","27.7","17.1","13.3","1.8","4.6","20.8",22.5,89,84,5,48.1
"102","35","35",2011-02-23,"20-297","IND","","DET","W (+1)","0","21:54","5.1","http://www.basketball-reference.com/players/g/georgpa01/gamelog/2011","RS","georgpa01",2011,"5","11",".455","0","2",".000","0","0","",0,5,5,1,2,0,3,1,10,"+3",".455",".455","0.0","24.9","12.5","8.1","4.8","0.0","21.4",27.3,78,99,-21,45.5
"105","36","36",2011-02-25,"20-299","IND","","UTA","L (-11)","0","20:45","2.9","http://www.basketball-reference.com/players/g/georgpa01/gamelog/2011","RS","georgpa01",2011,"0","4",".000","0","1",".000","4","4","1.000",0,5,5,0,1,0,0,2,4,"-4",".347",".000","0.0","25.7","11.3","0.0","2.6","0.0","0.0",11.7,92,98,-6,34.7
"108","37","37",2011-02-27,"20-301","IND","","PHO","L (-2)","0","20:28","4.9","http://www.basketball-reference.com/players/g/georgpa01/gamelog/2011","RS","georgpa01",2011,"3","7",".429","1","4",".250","0","0","",1,2,3,3,0,0,1,2,7,"+3",".500",".500","5.8","9.8","7.9","24.9","0.0","0.0","12.5",18.2,110,114,-4,50
"111","38","38",2011-03-01,"20-303","IND","","GSW","W (+9)","0","16:52","8.2","http://www.basketball-reference.com/players/g/georgpa01/gamelog/2011","RS","georgpa01",2011,"6","12",".500","0","2",".000","0","0","",1,3,4,0,1,0,0,1,12,"+11",".500",".500","6.5","18.6","12.6","0.0","3.0","0.0","0.0",30.5,106,102,4,50
"114","39","39",2011-03-02,"20-304","IND","@","OKC","L (-24)","0","28:06","7.5","http://www.basketball-reference.com/players/g/georgpa01/gamelog/2011","RS","georgpa01",2011,"3","6",".500","0","2",".000","2","3",".667",0,3,3,3,2,1,2,2,8,"-10",".546",".500","0.0","12.2","5.8","22.4","3.4","2.9","21.5",13.7,93,109,-16,54.6
"121","40","40",2011-03-04,"20-306","IND","@","DAL","L (-8)","0","21:51","4.6","http://www.basketball-reference.com/players/g/georgpa01/gamelog/2011","RS","georgpa01",2011,"3","5",".600","1","1","1.000","1","1","1.000",0,1,1,0,1,0,2,1,8,"+1",".735",".700","0.0","5.6","3.1","0.0","2.3","0.0","26.9",15.2,100,124,-24,73.5
"124","41","41",2011-03-05,"20-307","IND","@","HOU","L (-17)","0","26:22","8.3","http://www.basketball-reference.com/players/g/georgpa01/gamelog/2011","RS","georgpa01",2011,"3","4",".750","0","0","","2","2","1.000",1,5,6,2,2,1,4,1,8,"-4",".820",".750","3.4","19.8","11.0","11.2","3.6","2.4","45.0",13.3,93,105,-12,82
"127","42","42",2011-03-08,"20-310","IND","","PHI","L (-10)","0","25:49","5.3","http://www.basketball-reference.com/players/g/georgpa01/gamelog/2011","RS","georgpa01",2011,"2","4",".500","0","0","","2","3",".667",1,9,10,0,2,1,4,1,6,"+2",".564",".500","5.3","39.8","24.1","0.0","3.8","2.4","42.9",16.6,69,103,-34,56.4
"130","43","43",2011-03-09,"20-311","IND","@","MIN","L (-26)","1","24:23","5.1","http://www.basketball-reference.com/players/g/georgpa01/gamelog/2011","RS","georgpa01",2011,"2","8",".250","0","2",".000","4","6",".667",1,3,4,0,3,1,1,4,8,"-8",".376",".250","3.5","10.7","7.0","0.0","5.7","2.7","8.6",20.3,75,92,-17,37.6
"133","44","44",2011-03-11,"20-313","IND","@","TOR","L (-10)","1","31:29","5.8","http://www.basketball-reference.com/players/g/georgpa01/gamelog/2011","RS","georgpa01",2011,"4","10",".400","1","3",".333","1","1","1.000",3,4,7,1,1,0,3,2,10,"-7",".479",".450","10.6","16.5","13.3","5.3","1.7","0.0","22.3",19.7,90,121,-31,47.9
"136","45","45",2011-03-13,"20-315","IND","@","NYK","W (+13)","1","12:44","3.8","http://www.basketball-reference.com/players/g/georgpa01/gamelog/2011","RS","georgpa01",2011,"3","4",".750","0","0","","0","0","",0,1,1,1,1,0,1,4,6,"+7",".750",".750","0.0","8.8","4.9","13.1","4.1","0.0","20.0",19.5,118,99,19,75
"139","46","46",2011-03-15,"20-317","IND","","NYK","W (+2)","1","27:31","5.0","http://www.basketball-reference.com/players/g/georgpa01/gamelog/2011","RS","georgpa01",2011,"2","5",".400","0","1",".000","1","2",".500",0,4,4,3,3,0,2,3,5,"+18",".425",".400","0.0","15.5","8.0","12.3","5.2","0.0","25.4",11.6,81,109,-28,42.5
"142","47","47",2011-03-16,"20-318","IND","@","BOS","L (-12)","1","33:03","11.0","http://www.basketball-reference.com/players/g/georgpa01/gamelog/2011","RS","georgpa01",2011,"6","13",".462","3","5",".600","0","0","",1,6,7,1,3,1,3,3,15,"+1",".577",".577","3.0","23.6","12.0","6.0","5.1","2.7","18.8",21.6,99,97,2,57.7
"145","48","48",2011-03-18,"20-320","IND","","CHI","W (+7)","1","27:00","6.3","http://www.basketball-reference.com/players/g/georgpa01/gamelog/2011","RS","georgpa01",2011,"2","6",".333","0","1",".000","2","2","1.000",0,7,7,2,2,0,1,2,6,"+16",".436",".333","0.0","27.5","14.3","10.9","4.0","0.0","12.7",13.1,96,100,-4,43.6
"148","49","49",2011-03-19,"20-321","IND","@","MEM","L (-21)","1","35:59","4.5","http://www.basketball-reference.com/players/g/georgpa01/gamelog/2011","RS","georgpa01",2011,"2","8",".250","0","5",".000","2","3",".667",0,5,5,2,0,4,2,0,6,"-25",".322",".250","0.0","16.7","8.3","11.4","0.0","7.0","17.7",14.5,63,106,-43,32.2
"155","50","50",2011-03-21,"20-323","IND","@","NJN","W (+4)","1","19:14","3.2","http://www.basketball-reference.com/players/g/georgpa01/gamelog/2011","RS","georgpa01",2011,"1","2",".500","0","0","","0","0","",0,2,2,1,1,1,0,2,2,"+9",".500",".500","0.0","9.1","5.7","7.7","2.7","3.5","0.0",4.8,117,102,15,50
"158","51","51",2011-03-23,"20-325","IND","@","CHA","W (+23)","1","23:12","4.3","http://www.basketball-reference.com/players/g/georgpa01/gamelog/2011","RS","georgpa01",2011,"3","5",".600","0","1",".000","2","2","1.000",0,3,3,1,1,0,2,5,8,"+3",".680",".600","0.0","17.7","9.5","6.3","2.3","0.0","25.4",16.6,104,98,6,68
"161","52","52",2011-03-25,"20-327","IND","","SAC","L (-17)","1","24:37","10.5","http://www.basketball-reference.com/players/g/georgpa01/gamelog/2011","RS","georgpa01",2011,"5","9",".556","1","3",".333","1","4",".250",4,4,8,1,0,1,1,1,12,"+1",".558",".611","13.7","15.6","14.6","8.8","0.0","2.3","8.5",19.2,114,112,2,55.8
"164","53","53",2011-03-26,"20-328","IND","@","DET","L (-12)","1","12:16","3.8","http://www.basketball-reference.com/players/g/georgpa01/gamelog/2011","RS","georgpa01",2011,"2","2","1.000","1","1","1.000","0","0","",0,1,1,1,2,0,2,4,5,"+2","1.250","1.250","0.0","10.3","4.8","13.9","8.7","0.0","50.0",15.1,88,97,-9,125
"167","54","54",2011-03-28,"20-330","IND","","BOS","W (+7)","1","14:27","-4.0","http://www.basketball-reference.com/players/g/georgpa01/gamelog/2011","RS","georgpa01",2011,"0","3",".000","0","1",".000","0","0","",1,1,2,1,0,0,2,4,0,"-12",".000",".000","9.8","10.7","10.2","7.9","0.0","0.0","40.0",16.5,29,116,-87,0
"170","55","55",2011-03-30,"20-332","IND","","DET","W (+10)","1","25:41","6.8","http://www.basketball-reference.com/players/g/georgpa01/gamelog/2011","RS","georgpa01",2011,"2","7",".286","0","3",".000","4","4","1.000",0,3,3,2,1,0,0,1,8,"+8",".457",".286","0.0","13.3","6.7","10.0","2.0","0.0","0.0",14.6,118,108,10,45.7
"173","56","56",2011-04-01,"20-334","IND","","MIL","W (+1)","1","23:29","3.1","http://www.basketball-reference.com/players/g/georgpa01/gamelog/2011","RS","georgpa01",2011,"3","7",".429","0","1",".000","0","0","",2,3,5,0,0,1,1,3,6,"+5",".429",".429","9.5","14.3","11.9","0.0","0.0","3.5","12.5",16.5,90,103,-13,42.9
"176","57","57",2011-04-03,"20-336","IND","@","NOH","L (-12)","1","23:46","1.9","http://www.basketball-reference.com/players/g/georgpa01/gamelog/2011","RS","georgpa01",2011,"1","5",".200","1","2",".500","0","0","",0,1,1,1,1,0,0,0,3,"-18",".300",".300","0.0","5.3","2.5","5.8","2.3","0.0","0.0",10,77,126,-49,30
"179","58","58",2011-04-06,"20-339","IND","","WAS","W (+24)","1","25:44","22.0","http://www.basketball-reference.com/players/g/georgpa01/gamelog/2011","RS","georgpa01",2011,"9","15",".600","5","6",".833","0","0","",1,5,6,4,2,1,1,2,23,"+27",".767",".767","5.8","20.7","14.5","22.5","3.5","2.4","6.3",25.8,144,101,43,76.7
"182","59","59",2011-04-08,"20-341","IND","","ATL","W (+12)","1","19:24","2.1","http://www.basketball-reference.com/players/g/georgpa01/gamelog/2011","RS","georgpa01",2011,"3","6",".500","1","2",".500","0","0","",0,1,1,0,0,0,1,3,7,"+3",".583",".583","0.0","5.8","2.9","0.0","0.0","0.0","14.3",15.5,102,115,-13,58.3
"189","60","60",2011-04-10,"20-343","IND","","NYK","L (-1)","1","18:52","3.7","http://www.basketball-reference.com/players/g/georgpa01/gamelog/2011","RS","georgpa01",2011,"3","4",".750","0","0","","0","0","",0,3,3,0,0,0,0,4,6,"+9",".750",".750","0.0","17.8","8.5","0.0","0.0","0.0","0.0",8.8,149,113,36,75
"192","61","61",2011-04-13,"20-346","IND","@","ORL","L (-18)","1","22:45","-3.9","http://www.basketball-reference.com/players/g/georgpa01/gamelog/2011","RS","georgpa01",2011,"1","5",".200","0","1",".000","0","0","",0,2,2,0,0,0,3,1,2,"-7",".200",".200","0.0","11.1","4.7","0.0","0.0","0.0","37.5",15.1,25,100,-75,20
"2","1","1",2011-12-26,"21-238","IND","","DET","W (+12)","1","29:06","9.2","http://www.basketball-reference.com/players/g/georgpa01/gamelog/2012","RS","georgpa01",2012,"3","8",".375","2","3",".667","4","4","1.000",1,6,7,2,1,1,2,5,12,"+14",".615",".500","3.4","22.5","12.4","12.2","1.9","2.9","17.0",18,118,89,29,61.5
"46","2","2",2011-12-28,"21-240","IND","@","TOR","W (+5)","1","39:46","13.3","http://www.basketball-reference.com/players/g/georgpa01/gamelog/2012","RS","georgpa01",2012,"5","11",".455","4","7",".571","4","4","1.000",2,2,4,2,0,0,2,1,18,"+4",".705",".636","5.9","6.2","6.0","9.3","0.0","0.0","13.6",16.7,131,101,30,70.5
"84","3","3",2011-12-30,"21-242","IND","","CLE","W (+7)","1","27:26","0.6","http://www.basketball-reference.com/players/g/georgpa01/gamelog/2012","RS","georgpa01",2012,"0","4",".000","0","2",".000","2","2","1.000",0,5,5,2,1,1,2,3,2,"+13",".205",".000","0.0","18.6","8.9","10.7","1.8","3.1","29.1",10.7,45,85,-40,20.5
"118","4","4",2011-12-31,"21-243","IND","@","DET","L (-8)","1","34:01","9.8","http://www.basketball-reference.com/players/g/georgpa01/gamelog/2012","RS","georgpa01",2012,"2","5",".400","1","2",".500","2","3",".667",0,4,4,4,3,1,1,2,7,"+7",".554",".500","0.0","14.1","6.6","20.8","4.6","2.1","13.7",10.4,108,100,8,55.4
"152","5","5",2012-01-02,"21-245","IND","@","NJN","W (+14)","1","37:06","18.8","http://www.basketball-reference.com/players/g/georgpa01/gamelog/2012","RS","georgpa01",2012,"8","10",".800","5","5","1.000","0","0","",1,2,3,2,1,1,2,2,21,"+2","1.050","1.050","3.8","5.4","4.7","8.4","1.5","2.1","16.7",15.4,164,117,47,105
"186","6","6",2012-01-04,"21-247","IND","@","MIA","L (-35)","1","40:03","5.9","http://www.basketball-reference.com/players/g/georgpa01/gamelog/2012","RS","georgpa01",2012,"4","11",".364","3","5",".600","2","4",".500",1,3,4,3,1,1,4,4,13,"-30",".509",".500","2.7","10.6","6.1","18.7","1.2","2.0","23.9",18.4,84,123,-39,50.9
"209","7","7",2012-01-06,"21-249","IND","@","BOS","W (+13)","1","23:16","8.4","http://www.basketball-reference.com/players/g/georgpa01/gamelog/2012","RS","georgpa01",2012,"5","7",".714","2","2","1.000","0","0","",0,3,3,2,1,0,2,5,12,"-3",".857",".857","0.0","15.5","7.4","19.0","2.6","0.0","22.2",18.8,129,91,38,85.7
"223","8","8",2012-01-07,"21-250","IND","","CHA","W (+22)","1","23:33","5.0","http://www.basketball-reference.com/players/g/georgpa01/gamelog/2012","RS","georgpa01",2012,"2","5",".400","0","1",".000","2","3",".667",0,2,2,3,1,0,0,4,6,"+11",".475",".400","0.0","7.5","4.4","17.5","2.4","0.0","0.0",13,123,93,30,47.5
"227","9","9",2012-01-09,"21-252","IND","@","PHI","L (-10)","1","44:05","4.8","http://www.basketball-reference.com/players/g/georgpa01/gamelog/2012","RS","georgpa01",2012,"4","16",".250","3","8",".375","2","2","1.000",2,5,7,5,2,0,5,5,13,"-3",".385",".344","4.2","14.0","8.4","21.2","2.3","0.0","22.9",21.4,73,103,-30,38.5
"6","10","10",2012-01-11,"21-254","IND","","ATL","W (+12)","1","20:54","7.8","http://www.basketball-reference.com/players/g/georgpa01/gamelog/2012","RS","georgpa01",2012,"2","4",".500","0","1",".000","1","1","1.000",0,6,6,4,1,2,1,3,5,"+11",".563",".500","0.0","31.3","15.7","26.7","2.4","6.9","18.4",11.6,113,80,33,56.3
"10","11","11",2012-01-13,"21-256","IND","@","TOR","W (+5)","1","32:03","7.3","http://www.basketball-reference.com/players/g/georgpa01/gamelog/2012","RS","georgpa01",2012,"4","6",".667","1","1","1.000","1","2",".500",0,6,6,1,0,0,1,3,10,"+13",".727",".750","0.0","23.6","12.7","6.2","0.0","0.0","12.7",12,129,103,26,72.7
"14","12","12",2012-01-14,"21-257","IND","","BOS","W (+14)","1","26:01","14.0","http://www.basketball-reference.com/players/g/georgpa01/gamelog/2012","RS","georgpa01",2012,"5","11",".455","1","3",".333","6","6","1.000",1,7,8,1,2,0,2,2,17,"+13",".623",".500","3.7","27.5","15.2","7.2","4.0","0.0","12.8",24.4,126,83,43,62.3
"18","13","13",2012-01-18,"21-261","IND","@","SAC","L (-4)","1","34:25","5.5","http://www.basketball-reference.com/players/g/georgpa01/gamelog/2012","RS","georgpa01",2012,"5","12",".417","0","4",".000","0","0","",0,9,9,1,2,1,3,3,10,"-9",".417",".417","0.0","19.3","11.8","5.2","3.2","2.2","20.0",19.4,79,92,-13,41.7
"22","14","14",2012-01-20,"21-263","IND","@","GSW","W (+3)","1","21:20","2.2","http://www.basketball-reference.com/players/g/georgpa01/gamelog/2012","RS","georgpa01",2012,"2","8",".250","0","1",".000","3","4",".750",0,5,5,1,0,0,1,2,7,"+4",".359",".250","0.0","27.4","12.8","7.4","0.0","0.0","9.3",23.5,73,102,-29,35.9
"26","15","15",2012-01-22,"21-265","IND","@","LAL","W (+2)","1","33:25","11.1","http://www.basketball-reference.com/players/g/georgpa01/gamelog/2012","RS","georgpa01",2012,"5","8",".625","2","4",".500","1","2",".500",0,5,5,2,2,0,2,2,13,"+9",".732",".750","0.0","12.8","7.7","10.0","3.3","0.0","18.4",15.6,120,104,16,73.2
"30","16","16",2012-01-24,"21-267","IND","","ORL","L (-19)","1","34:44","1.7","http://www.basketball-reference.com/players/g/georgpa01/gamelog/2012","RS","georgpa01",2012,"3","8",".375","1","5",".200","0","0","",0,6,6,0,1,1,4,1,7,"-6",".438",".438","0.0","19.3","10.1","0.0","1.6","2.7","33.3",15.8,61,111,-50,43.8
"34","17","17",2012-01-25,"21-268","IND","@","CHI","W (+5)","1","33:07","6.8","http://www.basketball-reference.com/players/g/georgpa01/gamelog/2012","RS","georgpa01",2012,"6","12",".500","1","3",".333","0","0","",0,3,3,1,0,0,1,2,13,"+7",".542",".542","0.0","9.1","5.1","4.9","0.0","0.0","7.7",18.4,107,107,0,54.2
"38","18","18",2012-01-27,"21-270","IND","@","BOS","L (-7)","1","30:15","16.9","http://www.basketball-reference.com/players/g/georgpa01/gamelog/2012","RS","georgpa01",2012,"4","11",".364","0","3",".000","8","8","1.000",4,5,9,2,2,1,1,1,16,"+10",".551",".364","13.8","19.4","16.4","14.7","3.4","2.3","6.4",22.7,122,94,28,55.1
"42","19","19",2012-01-29,"21-272","IND","@","ORL","W (+21)","1","20:27","5.6","http://www.basketball-reference.com/players/g/georgpa01/gamelog/2012","RS","georgpa01",2012,"2","5",".400","2","3",".667","0","0","",1,6,7,2,0,0,0,4,6,"+3",".600",".600","5.7","40.2","21.6","11.6","0.0","0.0","0.0",11,147,95,52,60
"50","20","20",2012-01-31,"21-274","IND","","NJN","W (+7)","1","32:41","21.9","http://www.basketball-reference.com/players/g/georgpa01/gamelog/2012","RS","georgpa01",2012,"8","11",".727","4","6",".667","4","4","1.000",0,4,4,1,2,1,1,3,24,"+2",".940",".909","0.0","15.1","7.6","5.6","3.1","3.3","7.3",18.7,169,103,66,94
"54","21","21",2012-02-01,"21-275","IND","@","MIN","W (+10)","1","19:22","8.7","http://www.basketball-reference.com/players/g/georgpa01/gamelog/2012","RS","georgpa01",2012,"4","6",".667","1","3",".333","1","2",".500",0,4,4,1,1,2,1,4,10,"+14",".727",".750","0.0","19.4","10.3","8.8","2.4","6.7","12.7",17.6,123,88,35,72.7
"58","22","22",2012-02-03,"21-277","IND","@","DAL","W (+11)","1","41:10","32.6","http://www.basketball-reference.com/players/g/georgpa01/gamelog/2012","RS","georgpa01",2012,"11","19",".579","7","11",".636","1","1","1.000",0,9,9,5,5,1,0,1,30,"+16",".772",".763","0.0","22.8","11.7","24.1","6.5","1.7","0.0",21,165,87,78,77.2
"62","23","23",2012-02-04,"21-278","IND","","ORL","L (-4)","1","36:26","12.4","http://www.basketball-reference.com/players/g/georgpa01/gamelog/2012","RS","georgpa01",2012,"4","12",".333","2","7",".286","3","3","1.000",2,5,7,5,3,2,3,4,13,"-8",".488",".417","5.3","17.3","10.5","27.8","4.3","5.6","18.4",19.9,99,86,13,48.8
"66","24","24",2012-02-07,"21-281","IND","","UTA","W (+5)","1","29:18","11.3","http://www.basketball-reference.com/players/g/georgpa01/gamelog/2012","RS","georgpa01",2012,"5","10",".500","2","6",".333","2","2","1.000",0,5,5,2,3,0,2,4,14,"+10",".643",".600","0.0","21.0","10.2","10.0","5.1","0.0","15.5",20.2,109,95,14,64.3
"69","25","25",2012-02-08,"21-282","IND","@","ATL","L (-10)","1","28:32","-1.6","http://www.basketball-reference.com/players/g/georgpa01/gamelog/2012","RS","georgpa01",2012,"1","8",".125","0","3",".000","3","5",".600",1,2,3,1,2,0,3,4,5,"-13",".245",".125","4.3","8.6","6.5","5.4","3.9","0.0","22.7",22.9,49,109,-60,24.5
"72","26","26",2012-02-10,"21-284","IND","@","MEM","L (-6)","1","34:02","1.4","http://www.basketball-reference.com/players/g/georgpa01/gamelog/2012","RS","georgpa01",2012,"2","13",".154","0","4",".000","4","4","1.000",1,9,10,2,0,1,3,2,8,"-9",".271",".154","2.9","34.3","16.6","10.4","0.0","2.2","16.9",23.1,62,106,-44,27.1
"75","27","27",2012-02-11,"21-285","IND","","DEN","L (-4)","1","34:27","10.6","http://www.basketball-reference.com/players/g/georgpa01/gamelog/2012","RS","georgpa01",2012,"5","9",".556","4","7",".571","1","2",".500",0,6,6,1,1,0,2,3,15,"-9",".759",".778","0.0","21.4","11.9","4.0","1.4","0.0","16.8",15.2,120,114,6,75.9
"78","28","28",2012-02-14,"21-288","IND","","MIA","L (-15)","1","33:44","2.3","http://www.basketball-reference.com/players/g/georgpa01/gamelog/2012","RS","georgpa01",2012,"5","12",".417","0","4",".000","2","4",".500",0,3,3,2,2,0,6,2,12,"-14",".436",".417","0.0","11.5","5.5","11.0","3.0","0.0","30.4",26.8,63,109,-46,43.6
"81","29","29",2012-02-15,"21-289","IND","@","CLE","L (-11)","1","24:58","2.1","http://www.basketball-reference.com/players/g/georgpa01/gamelog/2012","RS","georgpa01",2012,"4","14",".286","1","6",".167","2","6",".333",1,7,8,1,0,0,1,4,11,"-3",".331",".321","3.6","36.4","17.1","7.9","0.0","0.0","5.7",32.3,77,113,-36,33.1
"88","30","30",2012-02-16,"21-290","IND","","NJN","W (+5)","1","37:58","13.8","http://www.basketball-reference.com/players/g/georgpa01/gamelog/2012","RS","georgpa01",2012,"4","8",".500","1","5",".200","2","2","1.000",0,5,5,5,4,2,2,4,11,"0",".619",".563","0.0","18.6","8.0","23.5","5.9","4.4","18.4",13.2,120,92,28,61.9
"91","31","31",2012-02-19,"21-293","IND","","CHA","W (+35)","1","22:05","3.8","http://www.basketball-reference.com/players/g/georgpa01/gamelog/2012","RS","georgpa01",2012,"3","10",".300","1","3",".333","0","0","",1,6,7,1,1,2,1,5,7,"+30",".350",".350","5.3","29.0","17.7","6.7","2.3","7.5","9.1",21.9,83,71,12,35
"94","32","32",2012-02-21,"21-295","IND","","NOH","W (+9)","1","44:12","15.0","http://www.basketball-reference.com/players/g/georgpa01/gamelog/2012","RS","georgpa01",2012,"9","20",".450","2","7",".286","0","0","",3,3,6,6,2,0,3,2,20,"+7",".500",".500","8.2","9.5","8.8","21.7","2.5","0.0","13.0",24.3,108,111,-3,50
"97","33","33",2012-02-22,"21-296","IND","@","CHA","W (+14)","1","18:12","8.0","http://www.basketball-reference.com/players/g/georgpa01/gamelog/2012","RS","georgpa01",2012,"4","7",".571","2","2","1.000","0","0","",2,0,2,0,0,1,0,2,10,"-2",".714",".714","10.5","0.0","5.1","0.0","0.0","3.8","0.0",17.6,165,118,47,71.4
"100","34","34",2012-02-28,"21-302","IND","","GSW","W (+24)","1","26:21","16.8","http://www.basketball-reference.com/players/g/georgpa01/gamelog/2012","RS","georgpa01",2012,"4","7",".571","2","2","1.000","1","2",".500",0,9,9,5,4,1,1,1,11,"+35",".698",".714","0.0","28.8","16.6","30.7","8.0","2.9","11.3",14.4,141,64,77,69.8
"103","35","35",2012-03-03,"21-306","IND","@","NOH","W (+18)","1","23:46","11.2","http://www.basketball-reference.com/players/g/georgpa01/gamelog/2012","RS","georgpa01",2012,"3","10",".300","1","4",".250","4","4","1.000",0,1,1,3,5,0,1,1,11,"+12",".468",".350","0.0","4.2","2.2","20.9","11.4","0.0","7.8",23.8,109,81,28,46.8
"106","36","36",2012-03-05,"21-308","IND","@","CHI","L (-20)","1","33:21","13.1","http://www.basketball-reference.com/players/g/georgpa01/gamelog/2012","RS","georgpa01",2012,"8","17",".471","0","4",".000","5","5","1.000",1,0,1,0,2,1,1,4,21,"-11",".547",".471","2.9","0.0","1.6","0.0","3.4","2.3","5.0",30.4,103,112,-9,54.7
"109","37","37",2012-03-06,"21-309","IND","","ATL","L (-5)","1","32:34","11.5","http://www.basketball-reference.com/players/g/georgpa01/gamelog/2012","RS","georgpa01",2012,"3","11",".273","1","2",".500","4","6",".667",3,3,6,3,3,1,1,0,11,"+3",".403",".318","11.1","10.5","10.8","16.6","5.0","2.3","6.8",21.7,99,108,-9,40.3
"112","38","38",2012-03-10,"21-313","IND","@","MIA","L (-2)","1","32:18","13.2","http://www.basketball-reference.com/players/g/georgpa01/gamelog/2012","RS","georgpa01",2012,"5","9",".556","2","2","1.000","0","0","",2,0,2,3,4,0,0,5,12,"-8",".667",".667","6.3","0.0","3.6","19.9","7.2","0.0","0.0",13.2,153,97,56,66.7
"115","39","39",2012-03-11,"21-314","IND","@","ORL","L (-13)","1","33:26","18.8","http://www.basketball-reference.com/players/g/georgpa01/gamelog/2012","RS","georgpa01",2012,"10","17",".588","1","2",".500","1","1","1.000",2,6,8,1,3,0,1,3,22,"-18",".631",".618","7.4","23.3","15.1","5.8","4.7","0.0","5.4",26.2,126,110,16,63.1
"122","40","40",2012-03-13,"21-316","IND","","POR","W (+17)","1","20:56","10.5","http://www.basketball-reference.com/players/g/georgpa01/gamelog/2012","RS","georgpa01",2012,"5","9",".556","1","2",".500","0","0","",2,3,5,1,3,0,1,3,11,"+14",".611",".611","11.2","14.6","13.0","8.0","7.7","0.0","10.0",22.8,115,73,42,61.1
"125","41","41",2012-03-14,"21-317","IND","","PHI","W (+17)","1","19:25","4.4","http://www.basketball-reference.com/players/g/georgpa01/gamelog/2012","RS","georgpa01",2012,"3","8",".375","2","4",".500","0","1",".000",0,2,2,0,1,0,0,1,8,"+3",".474",".500","0.0","15.0","7.8","0.0","3.0","0.0","0.0",22.5,102,112,-10,47.4
"128","42","42",2012-03-16,"21-319","IND","@","NYK","L (-15)","1","23:59","-0.3","http://www.basketball-reference.com/players/g/georgpa01/gamelog/2012","RS","georgpa01",2012,"2","6",".333","1","4",".250","0","2",".000",0,6,6,0,0,1,2,4,5,"-11",".363",".417","0.0","30.0","14.5","0.0","0.0","3.6","22.5",15.7,54,116,-62,36.3
"131","43","43",2012-03-17,"21-320","IND","","NYK","L (-14)","1","31:34","13.3","http://www.basketball-reference.com/players/g/georgpa01/gamelog/2012","RS","georgpa01",2012,"6","13",".462","2","5",".400","4","5",".800",0,4,4,4,2,2,3,5,18,"0",".592",".538","0.0","14.1","6.9","26.6","3.4","5.7","16.5",26.1,109,106,3,59.2
"134","44","44",2012-03-20,"21-323","IND","","LAC","W (+13)","1","24:26","6.3","http://www.basketball-reference.com/players/g/georgpa01/gamelog/2012","RS","georgpa01",2012,"2","6",".333","1","4",".250","2","2","1.000",1,5,6,3,0,0,0,4,7,"-5",".509",".417","6.0","22.3","15.3","19.0","0.0","0.0","0.0",14.3,139,106,33,50.9
"137","45","45",2012-03-22,"21-325","IND","@","WAS","W (+2)","1","30:05","10.7","http://www.basketball-reference.com/players/g/georgpa01/gamelog/2012","RS","georgpa01",2012,"4","9",".444","1","5",".200","4","4","1.000",0,5,5,3,4,0,4,3,13,"+5",".604",".500","0.0","25.7","10.6","19.4","7.3","0.0","27.1",23,97,87,10,60.4
"140","46","46",2012-03-23,"21-326","IND","","PHO","L (-2)","1","26:43","12.2","http://www.basketball-reference.com/players/g/georgpa01/gamelog/2012","RS","georgpa01",2012,"5","8",".625","0","1",".000","5","6",".833",1,3,4,3,1,1,3,3,15,"+3",".705",".625","5.3","12.8","9.5","16.3","1.9","2.7","22.0",23,122,119,3,70.5
"143","47","47",2012-03-24,"21-327","IND","@","MIL","W (+21)","1","14:27","1.0","http://www.basketball-reference.com/players/g/georgpa01/gamelog/2012","RS","georgpa01",2012,"2","5",".400","0","0","","0","0","",1,4,5,2,0,0,2,4,4,"+10",".400",".400","8.5","28.3","19.3","18.3","0.0","0.0","28.6",20.9,82,110,-28,40
"146","48","48",2012-03-26,"21-329","IND","","MIA","W (+15)","1","37:09","11.9","http://www.basketball-reference.com/players/g/georgpa01/gamelog/2012","RS","georgpa01",2012,"7","14",".500","2","3",".667","0","0","",1,9,10,3,0,0,1,4,16,"+15",".571",".571","3.4","26.4","15.8","13.9","0.0","0.0","6.7",18.1,126,101,25,57.1
"149","49","49",2012-03-28,"21-331","IND","@","NJN","L (-16)","1","30:04","20.5","http://www.basketball-reference.com/players/g/georgpa01/gamelog/2012","RS","georgpa01",2012,"8","13",".615","4","7",".571","2","2","1.000",1,3,4,4,1,2,2,1,22,"-22",".793",".769","3.8","12.0","7.8","28.7","1.8","4.8","12.6",25.4,142,113,29,79.3
"156","50","50",2012-03-29,"21-332","IND","","WAS","W (+4)","1","27:44","4.6","http://www.basketball-reference.com/players/g/georgpa01/gamelog/2012","RS","georgpa01",2012,"3","10",".300","0","1",".000","1","2",".500",0,3,3,3,4,0,2,3,7,"+4",".322",".300","0.0","11.5","6.1","20.1","7.9","0.0","15.5",22.3,67,91,-24,32.2
"159","51","51",2012-03-31,"21-334","IND","@","SAS","L (-9)","1","27:48","14.2","http://www.basketball-reference.com/players/g/georgpa01/gamelog/2012","RS","georgpa01",2012,"8","11",".727","1","3",".333","1","1","1.000",1,4,5,3,1,1,3,5,18,"+3",".787",".773","5.1","18.2","12.0","18.4","1.9","3.0","20.8",24.7,124,121,3,78.7
"162","52","52",2012-04-01,"21-335","IND","@","HOU","W (+2)","1","30:15","6.5","http://www.basketball-reference.com/players/g/georgpa01/gamelog/2012","RS","georgpa01",2012,"3","7",".429","0","3",".000","3","3","1.000",2,5,7,3,0,0,3,2,9,"+5",".541",".429","8.8","15.1","12.5","16.6","0.0","0.0","26.5",18,100,112,-12,54.1
"165","53","53",2012-04-03,"21-337","IND","","NYK","W (+8)","1","29:14","15.1","http://www.basketball-reference.com/players/g/georgpa01/gamelog/2012","RS","georgpa01",2012,"5","12",".417","0","3",".000","8","10",".800",2,6,8,1,3,0,1,4,18,"+8",".549",".417","7.5","21.9","14.8","5.0","5.6","0.0","5.7",26.5,124,106,18,54.9
"168","54","54",2012-04-04,"21-338","IND","@","WAS","W (+13)","1","20:45","10.0","http://www.basketball-reference.com/players/g/georgpa01/gamelog/2012","RS","georgpa01",2012,"4","5",".800","1","2",".500","0","0","",0,3,3,3,1,1,1,2,9,"+10",".900",".900","0.0","18.8","10.5","20.0","2.6","3.5","16.7",14.3,147,103,44,90
"171","55","55",2012-04-06,"21-340","IND","","OKC","W (+5)","1","36:17","4.7","http://www.basketball-reference.com/players/g/georgpa01/gamelog/2012","RS","georgpa01",2012,"3","13",".231","1","3",".333","1","2",".500",3,13,16,1,3,1,3,6,8,"+20",".288",".269","8.4","40.0","23.5","4.3","4.3","2.3","17.8",20.1,68,94,-26,28.8
"174","56","56",2012-04-07,"21-341","IND","","BOS","L (-14)","1","29:17","-1.4","http://www.basketball-reference.com/players/g/georgpa01/gamelog/2012","RS","georgpa01",2012,"0","7",".000","0","4",".000","2","2","1.000",0,6,6,3,0,0,2,1,2,"-8",".127",".000","0.0","22.9","11.1","18.9","0.0","0.0","20.2",16,37,101,-64,12.7
"177","57","57",2012-04-09,"21-343","IND","","TOR","W (+5)","1","29:05","12.3","http://www.basketball-reference.com/players/g/georgpa01/gamelog/2012","RS","georgpa01",2012,"5","9",".556","1","2",".500","4","6",".667",1,5,6,3,0,1,1,4,15,"0",".644",".611","4.1","19.2","11.9","17.8","0.0","3.0","7.9",21.4,131,113,18,64.4
"180","58","58",2012-04-11,"21-345","IND","@","CLE","W (+6)","1","33:50","4.9","http://www.basketball-reference.com/players/g/georgpa01/gamelog/2012","RS","georgpa01",2012,"3","6",".500","0","2",".000","0","0","",0,10,10,3,0,0,2,3,6,"+11",".500",".500","0.0","33.3","18.4","15.0","0.0","0.0","25.0",11.4,88,99,-11,50
"183","59","59",2012-04-13,"21-347","IND","","CLE","W (+19)","1","21:00","-4.7","http://www.basketball-reference.com/players/g/georgpa01/gamelog/2012","RS","georgpa01",2012,"0","6",".000","0","1",".000","0","0","",0,1,1,1,0,1,1,3,0,"+14",".000",".000","0.0","5.2","2.5","6.2","0.0","3.9","14.3",13.9,9,98,-89,0
"190","60","60",2012-04-14,"21-348","IND","@","MIL","W (+6)","1","27:05","10.2","http://www.basketball-reference.com/players/g/georgpa01/gamelog/2012","RS","georgpa01",2012,"2","5",".400","0","2",".000","6","6","1.000",3,4,7,2,1,0,2,2,10,"+12",".654",".400","10.4","15.4","12.8","10.6","1.9","0.0","20.7",15.2,128,107,21,65.4
"193","61","61",2012-04-16,"21-350","IND","","MIN","W (+23)","1","25:07","16.9","http://www.basketball-reference.com/players/g/georgpa01/gamelog/2012","RS","georgpa01",2012,"5","9",".556","2","2","1.000","6","6","1.000",0,5,5,3,1,0,1,1,18,"+25",".773",".667","0.0","17.7","9.3","19.5","2.0","0.0","7.9",22,153,92,61,77.3
"195","62","62",2012-04-17,"21-351","IND","@","PHI","W (+5)","1","27:08","14.6","http://www.basketball-reference.com/players/g/georgpa01/gamelog/2012","RS","georgpa01",2012,"3","5",".600","3","4",".750","0","0","",1,6,7,5,4,1,2,2,9,"-1",".900",".900","3.6","24.7","13.5","27.9","8.1","2.9","28.6",11.6,141,94,47,90
"197","63","63",2012-04-19,"21-353","IND","","MIL","W (+9)","1","23:56","12.5","http://www.basketball-reference.com/players/g/georgpa01/gamelog/2012","RS","georgpa01",2012,"6","11",".545","0","1",".000","2","3",".667",1,2,3,5,3,0,2,4,14,"+17",".568",".545","4.3","8.9","6.5","32.4","6.2","0.0","14.0",25.2,114,105,9,56.8
"199","64","64",2012-04-21,"21-355","IND","","PHI","L (-3)","1","44:10","12.3","http://www.basketball-reference.com/players/g/georgpa01/gamelog/2012","RS","georgpa01",2012,"6","13",".462","3","3","1.000","1","2",".500",1,6,7,3,2,0,2,3,16,"-1",".576",".577","2.6","14.1","8.6","10.3","2.5","0.0","12.6",16.1,115,113,2,57.6
"201","65","65",2012-04-23,"21-357","IND","","DET","W (+6)","1","33:44","25.5","http://www.basketball-reference.com/players/g/georgpa01/gamelog/2012","RS","georgpa01",2012,"6","15",".400","2","7",".286","13","15",".867",1,9,10,4,3,0,1,2,27,"+20",".625",".467","2.9","26.1","14.5","21.5","4.5","0.0","4.4",26.2,148,95,53,62.5
"203","66","66",2012-04-25,"21-359","IND","","CHI","L (-5)","1","28:32","3.6","http://www.basketball-reference.com/players/g/georgpa01/gamelog/2012","RS","georgpa01",2012,"2","12",".167","0","3",".000","3","4",".750",1,5,6,1,2,1,1,0,7,"-9",".254",".167","4.0","23.4","12.9","5.3","3.9","2.6","6.8",25.9,59,99,-40,25.4
"3","1","1",2012-10-31,"22-182","IND","@","TOR","W (+2)","1","35:10","10.0","http://www.basketball-reference.com/players/g/georgpa01/gamelog/2013","RS","georgpa01",2013,"7","15",".467","0","0","","0","0","",2,13,15,5,0,1,5,2,14,"+3",".467",".467","7.6","34.1","23.3","24.9","0.0","1.8","25.0",26.5,83,89,-6,46.7
"47","2","2",2012-11-02,"22-184","IND","@","CHA","L (-1)","1","36:00","7.4","http://www.basketball-reference.com/players/g/georgpa01/gamelog/2013","RS","georgpa01",2013,"4","11",".364","2","5",".400","2","2","1.000",1,6,7,6,1,0,5,3,12,"-4",".505",".455","3.0","16.7","10.0","28.9","1.4","0.0","29.6",20.1,88,97,-9,50.5
"85","3","3",2012-11-03,"22-185","IND","","SAC","W (+8)","1","47:54","15.1","http://www.basketball-reference.com/players/g/georgpa01/gamelog/2013","RS","georgpa01",2013,"6","15",".400","2","7",".286","2","2","1.000",1,16,17,3,2,4,4,3,16,"+7",".504",".467","2.3","31.2","18.1","11.4","2.3","6.1","20.1",18.3,97,81,16,50.4
"119","4","4",2012-11-05,"22-187","IND","@","SAS","L (-22)","1","40:31","6.5","http://www.basketball-reference.com/players/g/georgpa01/gamelog/2013","RS","georgpa01",2013,"5","13",".385","1","3",".333","3","3","1.000",1,2,3,1,1,2,4,2,14,"-20",".489",".423","2.3","5.6","3.8","5.6","1.3","3.4","21.8",20.2,86,116,-30,48.9
"153","5","5",2012-11-07,"22-189","IND","@","ATL","L (-3)","1","39:05","11.1","http://www.basketball-reference.com/players/g/georgpa01/gamelog/2013","RS","georgpa01",2013,"5","13",".385","2","7",".286","1","1","1.000",1,6,7,2,4,1,3,1,13,"+5",".484",".462","2.7","15.7","9.3","8.5","5.4","1.9","18.2",19.4,87,91,-4,48.4
"187","6","6",2012-11-09,"22-191","IND","@","MIN","L (-2)","1","34:57","5.1","http://www.basketball-reference.com/players/g/georgpa01/gamelog/2013","RS","georgpa01",2013,"4","12",".333","2","6",".333","1","2",".500",0,3,3,4,0,0,2,1,11,"-2",".427",".417","0.0","13.3","5.8","17.4","0.0","0.0","13.4",19.6,89,114,-25,42.7
"210","7","7",2012-11-10,"22-192","IND","","WAS","W (+4)","1","36:41","16.6","http://www.basketball-reference.com/players/g/georgpa01/gamelog/2013","RS","georgpa01",2013,"8","12",".667","2","5",".400","2","2","1.000",0,7,7,3,0,0,2,1,20,"+1",".776",".750","0.0","23.5","10.4","16.7","0.0","0.0","13.4",19,138,100,38,77.6
"224","8","8",2012-11-13,"22-195","IND","","TOR","L (-2)","1","41:16","9.5","http://www.basketball-reference.com/players/g/georgpa01/gamelog/2013","RS","georgpa01",2013,"3","14",".214","2","6",".333","4","4","1.000",3,6,9,4,3,0,2,4,12,"+5",".381",".286","6.8","16.2","11.1","22.7","4.2","0.0","11.3",21.1,88,87,1,38.1
"228","9","9",2012-11-14,"22-196","IND","@","MIL","L (-14)","1","30:11","3.3","http://www.basketball-reference.com/players/g/georgpa01/gamelog/2013","RS","georgpa01",2013,"5","17",".294","1","6",".167","1","1","1.000",0,3,3,2,1,1,2,2,12,"-27",".344",".324","0.0","9.4","4.8","14.4","1.7","2.1","10.3",27.4,74,106,-32,34.4
"7","10","10",2012-11-16,"22-198","IND","","DAL","W (+20)","1","26:00","6.2","http://www.basketball-reference.com/players/g/georgpa01/gamelog/2013","RS","georgpa01",2013,"4","11",".364","1","3",".333","2","2","1.000",0,5,5,2,2,0,2,4,11,"+7",".463",".409","0.0","21.0","10.3","11.7","4.0","0.0","14.4",24.5,86,87,-1,46.3
"11","11","11",2012-11-18,"22-200","IND","@","NYK","L (-12)","1","35:51","13.1","http://www.basketball-reference.com/players/g/georgpa01/gamelog/2013","RS","georgpa01",2013,"6","15",".400","4","7",".571","4","4","1.000",1,2,3,3,1,0,2,3,20,"-14",".597",".533","3.2","5.1","4.2","20.1","1.5","0.0","10.7",25.7,111,105,6,59.7
"15","12","12",2012-11-19,"22-201","IND","@","WAS","W (+7)","1","24:13","0.2","http://www.basketball-reference.com/players/g/georgpa01/gamelog/2013","RS","georgpa01",2013,"2","7",".286","1","3",".333","1","2",".500",1,4,5,2,0,0,3,4,6,"-3",".381",".357","6.6","15.2","12.1","13.2","0.0","0.0","27.6",21,70,100,-30,38.1
"19","13","13",2012-11-21,"22-203","IND","","NOH","W (+8)","1","34:06","30.9","http://www.basketball-reference.com/players/g/georgpa01/gamelog/2013","RS","georgpa01",2013,"13","21",".619","9","13",".692","2","3",".667",1,3,4,4,1,0,0,4,37,"+8",".829",".833","3.2","9.7","6.4","31.4","1.7","0.0","0.0",30.9,170,120,50,82.9
"23","14","14",2012-11-23,"22-205","IND","","SAS","L (-7)","1","34:07","7.1","http://www.basketball-reference.com/players/g/georgpa01/gamelog/2013","RS","georgpa01",2013,"6","14",".429","2","2","1.000","1","2",".500",1,3,4,2,0,1,3,2,15,"-18",".504",".500","2.8","11.7","6.5","9.5","0.0","2.1","16.8",22,93,112,-19,50.4
"27","15","15",2012-11-27,"22-209","IND","@","LAL","W (+2)","1","32:40","7.0","http://www.basketball-reference.com/players/g/georgpa01/gamelog/2013","RS","georgpa01",2013,"5","13",".385","2","6",".333","0","2",".000",1,8,9,2,2,0,2,4,12,"+16",".432",".462","2.9","21.4","12.5","13.6","3.0","0.0","12.6",21.6,79,74,5,43.2
"31","16","16",2012-11-30,"22-212","IND","@","SAC","W (+5)","1","32:29","4.4","http://www.basketball-reference.com/players/g/georgpa01/gamelog/2013","RS","georgpa01",2013,"2","11",".182","0","6",".000","0","1",".000",0,4,4,9,2,0,1,2,4,"+11",".175",".182","0.0","15.2","7.1","39.1","3.3","0.0","8.0",18,70,102,-32,17.5
"35","17","17",2012-12-01,"22-213","IND","@","GSW","L (-11)","1","29:09","-2.4","http://www.basketball-reference.com/players/g/georgpa01/gamelog/2013","RS","georgpa01",2013,"0","7",".000","0","5",".000","0","0","",1,4,5,4,0,0,1,3,0,"-6",".000",".000","4.3","16.9","10.7","19.4","0.0","0.0","12.5",13.3,39,118,-79,0
"39","18","18",2012-12-04,"22-216","IND","@","CHI","W (+4)","1","40:57","29.0","http://www.basketball-reference.com/players/g/georgpa01/gamelog/2013","RS","georgpa01",2013,"14","25",".560","1","3",".333","5","5","1.000",4,5,9,2,3,2,2,3,34,"+5",".625",".580","9.6","13.6","11.5","18.6","4.1","3.8","6.8",32.9,126,84,42,62.5
"43","19","19",2012-12-05,"22-217","IND","","POR","W (+7)","1","37:32","16.8","http://www.basketball-reference.com/players/g/georgpa01/gamelog/2013","RS","georgpa01",2013,"7","15",".467","4","9",".444","4","4","1.000",0,8,8,5,1,0,4,1,22,"+4",".656",".600","0.0","24.4","12.3","23.6","1.5","0.0","19.3",26.2,117,106,11,65.6
"51","20","20",2012-12-07,"22-219","IND","","DEN","L (-3)","1","34:55","19.9","http://www.basketball-reference.com/players/g/georgpa01/gamelog/2013","RS","georgpa01",2013,"9","15",".600","4","5",".800","0","1",".000",1,5,6,6,1,2,2,4,22,"+12",".712",".733","3.8","16.0","10.4","38.1","1.5","4.0","11.5",23.5,128,100,28,71.2
"55","21","21",2012-12-09,"22-221","IND","@","OKC","L (-11)","1","39:21","13.2","http://www.basketball-reference.com/players/g/georgpa01/gamelog/2013","RS","georgpa01",2013,"5","15",".333","3","6",".500","4","4","1.000",1,7,8,3,2,0,1,3,17,"0",".507",".433","3.0","25.1","13.2","11.5","2.9","0.0","5.6",22.9,111,117,-6,50.7
"59","22","22",2012-12-12,"22-224","IND","","CLE","W (+15)","1","34:34","19.8","http://www.basketball-reference.com/players/g/georgpa01/gamelog/2013","RS","georgpa01",2013,"10","18",".556","3","5",".600","4","5",".800",1,6,7,3,0,0,2,2,27,"+19",".668",".639","3.5","17.4","11.0","20.7","0.0","0.0","9.0",28.5,128,96,32,66.8
"63","23","23",2012-12-14,"22-226","IND","","PHI","W (+10)","1","39:04","23.0","http://www.basketball-reference.com/players/g/georgpa01/gamelog/2013","RS","georgpa01",2013,"9","17",".529","5","7",".714","5","6",".833",0,6,6,2,1,3,1,4,28,"+19",".713",".676","0.0","17.1","8.8","10.3","1.4","5.3","4.8",24.2,146,92,54,71.3
"67","24","24",2012-12-15,"22-227","IND","@","DET","W (+11)","1","43:36","14.5","http://www.basketball-reference.com/players/g/georgpa01/gamelog/2013","RS","georgpa01",2013,"6","16",".375","1","7",".143","2","4",".500",1,7,8,8,4,1,2,5,15,"+12",".422",".406","3.1","16.1","10.6","31.0","5.1","1.6","10.1",23.6,94,83,11,42.2
"70","25","25",2012-12-18,"22-230","IND","@","MIL","L (-5)","1","37:49","9.9","http://www.basketball-reference.com/players/g/georgpa01/gamelog/2013","RS","georgpa01",2013,"6","15",".400","0","4",".000","4","4","1.000",0,10,10,5,1,1,5,3,16,"-10",".477",".400","0.0","28.2","14.4","26.0","1.3","1.8","23.0",24,91,98,-7,47.7
"73","26","26",2012-12-19,"22-231","IND","","UTA","W (+20)","1","33:19","17.1","http://www.basketball-reference.com/players/g/georgpa01/gamelog/2013","RS","georgpa01",2013,"9","13",".692","2","4",".500","0","0","",1,10,11,1,1,4,4,4,20,"+17",".769",".769","3.8","30.7","18.6","5.1","1.5","8.1","23.5",23.8,110,79,31,76.9
"76","27","27",2012-12-21,"22-233","IND","@","CLE","W (+10)","1","35:11","5.6","http://www.basketball-reference.com/players/g/georgpa01/gamelog/2013","RS","georgpa01",2013,"4","13",".308","0","3",".000","2","3",".667",1,4,5,3,5,1,5,3,10,"+20",".349",".308","3.3","14.0","8.5","12.2","7.0","2.1","25.9",24.4,64,81,-17,34.9
"79","28","28",2012-12-22,"22-234","IND","@","NOH","W (+6)","1","38:02","12.3","http://www.basketball-reference.com/players/g/georgpa01/gamelog/2013","RS","georgpa01",2013,"6","15",".400","1","5",".200","4","5",".800",1,11,12,4,2,0,3,5,17,"+7",".494",".433","3.2","30.2","17.6","19.9","3.1","0.0","14.9",25.8,99,82,17,49.4
"82","29","29",2012-12-28,"22-240","IND","","PHO","W (+6)","1","38:59","6.6","http://www.basketball-reference.com/players/g/georgpa01/gamelog/2013","RS","georgpa01",2013,"4","12",".333","2","5",".400","5","6",".833",1,3,4,2,0,0,3,3,15,"+3",".512",".417","2.9","8.8","5.8","8.5","0.0","0.0","17.0",20.7,102,109,-7,51.2
"89","30","30",2012-12-29,"22-241","IND","@","ATL","L (-9)","1","38:53","18.2","http://www.basketball-reference.com/players/g/georgpa01/gamelog/2013","RS","georgpa01",2013,"7","13",".538","1","2",".500","3","3","1.000",4,5,9,8,2,0,5,1,18,"-16",".628",".577","13.3","17.6","15.4","33.6","2.8","0.0","25.9",23.9,114,121,-7,62.8
"92","31","31",2012-12-31,"22-243","IND","","MEM","W (+5)","1","41:09","15.8","http://www.basketball-reference.com/players/g/georgpa01/gamelog/2013","RS","georgpa01",2013,"7","16",".438","4","10",".400","3","4",".750",0,6,6,5,2,1,4,1,21,"+14",".591",".563","0.0","15.6","8.5","29.4","2.7","1.6","18.4",25.8,105,95,10,59.1
"95","32","32",2013-01-02,"22-245","IND","","WAS","W (+8)","1","40:18","23.8","http://www.basketball-reference.com/players/g/georgpa01/gamelog/2013","RS","georgpa01",2013,"9","19",".474","3","8",".375","8","8","1.000",1,13,14,3,2,0,3,3,29,"+16",".644",".553","2.7","34.4","18.7","19.5","2.5","0.0","11.8",28.5,121,81,40,64.4
"98","33","33",2013-01-04,"22-247","IND","@","BOS","L (-19)","1","31:52","2.1","http://www.basketball-reference.com/players/g/georgpa01/gamelog/2013","RS","georgpa01",2013,"4","18",".222","0","5",".000","1","3",".333",2,5,7,4,3,0,3,2,9,"-12",".233",".222","5.7","17.5","11.0","28.7","4.7","0.0","13.4",29.2,56,93,-37,23.3
"101","34","34",2013-01-05,"22-248","IND","","MIL","W (+15)","1","35:09","2.0","http://www.basketball-reference.com/players/g/georgpa01/gamelog/2013","RS","georgpa01",2013,"4","11",".364","0","1",".000","0","0","",1,8,9,4,1,0,6,2,8,"+13",".364",".364","2.8","21.8","12.5","15.8","1.6","0.0","35.3",20.6,64,89,-25,36.4
"104","35","35",2013-01-08,"22-251","IND","","MIA","W (+10)","1","43:34","18.6","http://www.basketball-reference.com/players/g/georgpa01/gamelog/2013","RS","georgpa01",2013,"12","27",".444","4","9",".444","1","3",".333",4,7,11,2,0,0,1,2,29,"+5",".512",".519","8.6","19.3","13.3","11.1","0.0","0.0","3.4",29.8,120,100,20,51.2
"107","36","36",2013-01-10,"22-253","IND","","NYK","W (+5)","1","43:42","23.7","http://www.basketball-reference.com/players/g/georgpa01/gamelog/2013","RS","georgpa01",2013,"10","24",".417","2","8",".250","2","2","1.000",3,8,11,5,6,1,1,3,24,"+4",".482",".458","7.5","16.0","12.2","27.4","7.9","1.6","3.9",29.6,110,77,33,48.2
"110","37","37",2013-01-13,"22-256","IND","@","BRK","L (-11)","1","35:29","14.1","http://www.basketball-reference.com/players/g/georgpa01/gamelog/2013","RS","georgpa01",2013,"6","18",".333","3","7",".429","0","0","",4,8,12,3,6,0,2,5,15,"-5",".417",".417","13.5","23.5","18.9","15.1","9.4","0.0","10.0",27.8,92,93,-1,41.7
"113","38","38",2013-01-15,"22-258","IND","@","CHA","W (+27)","1","31:21","10.5","http://www.basketball-reference.com/players/g/georgpa01/gamelog/2013","RS","georgpa01",2013,"7","16",".438","2","7",".286","0","2",".000",2,8,10,3,2,0,3,3,16,"+26",".474",".500","6.8","26.6","16.8","18.2","3.3","0.0","15.1",26.4,94,80,14,47.4
"116","39","39",2013-01-16,"22-259","IND","@","ORL","L (-11)","1","36:12","18.5","http://www.basketball-reference.com/players/g/georgpa01/gamelog/2013","RS","georgpa01",2013,"6","14",".429","1","4",".250","7","7","1.000",1,9,10,4,0,1,1,0,20,"-13",".585",".464","3.0","29.8","15.8","18.3","0.0","2.0","5.5",22.8,127,108,19,58.5
"123","40","40",2013-01-18,"22-261","IND","","HOU","W (+10)","1","42:43","25.5","http://www.basketball-reference.com/players/g/georgpa01/gamelog/2013","RS","georgpa01",2013,"11","19",".579","7","10",".700","2","2","1.000",1,5,6,3,5,1,5,4,31,"+16",".780",".763","2.9","14.8","8.8","12.2","6.2","2.1","20.1",26,128,98,30,78
"126","41","41",2013-01-21,"22-264","IND","@","MEM","W (+1)","1","42:30","15.9","http://www.basketball-reference.com/players/g/georgpa01/gamelog/2013","RS","georgpa01",2013,"5","13",".385","2","4",".500","0","0","",1,9,10,8,2,0,0,0,12,"-4",".462",".462","3.8","26.1","16.4","31.9","2.7","0.0","0.0",15.6,128,94,34,46.2
"129","42","42",2013-01-23,"22-266","IND","@","POR","L (-20)","1","36:03","13.2","http://www.basketball-reference.com/players/g/georgpa01/gamelog/2013","RS","georgpa01",2013,"8","19",".421","3","8",".375","3","3","1.000",1,6,7,2,2,0,3,4,22,"-22",".541",".500","3.0","25.8","12.3","13.8","3.0","0.0","12.9",30.9,99,109,-10,54.1
"132","43","43",2013-01-26,"22-269","IND","@","UTA","L (-4)","1","47:55","13.5","http://www.basketball-reference.com/players/g/georgpa01/gamelog/2013","RS","georgpa01",2013,"8","17",".471","3","7",".429","4","4","1.000",3,2,5,4,1,1,6,5,23,"+1",".613",".559","9.2","6.5","7.9","12.6","1.2","1.5","24.2",24.7,113,124,-11,61.3
"135","44","44",2013-01-28,"22-271","IND","@","DEN","L (-1)","1","44:02","22.1","http://www.basketball-reference.com/players/g/georgpa01/gamelog/2013","RS","georgpa01",2013,"9","17",".529","4","9",".444","1","1","1.000",3,7,10,5,4,1,3,5,23,"+4",".659",".647","6.8","21.2","13.0","18.7","4.7","1.7","14.7",20.2,126,101,25,65.9
"138","45","45",2013-01-30,"22-273","IND","","DET","W (+19)","1","39:33","2.5","http://www.basketball-reference.com/players/g/georgpa01/gamelog/2013","RS","georgpa01",2013,"3","11",".273","1","4",".250","3","4",".750",1,5,6,4,2,0,6,4,10,"+22",".392",".318","2.8","10.6","7.3","15.0","2.6","0.0","32.0",21.2,69,85,-16,39.2
"141","46","46",2013-02-01,"22-275","IND","","MIA","W (+13)","1","41:07","12.3","http://www.basketball-reference.com/players/g/georgpa01/gamelog/2013","RS","georgpa01",2013,"6","11",".545","1","6",".167","2","4",".500",0,6,6,6,2,0,3,4,15,"+10",".588",".591","0.0","21.9","11.9","21.9","2.8","0.0","19.0",19.9,111,105,6,58.8
"144","47","47",2013-02-04,"22-278","IND","","CHI","W (+10)","1","44:26","18.6","http://www.basketball-reference.com/players/g/georgpa01/gamelog/2013","RS","georgpa01",2013,"6","14",".429","2","4",".500","7","8",".875",0,11,11,5,2,2,4,2,21,"+9",".599",".500","0.0","25.8","14.5","16.6","2.4","3.0","18.6",22.1,114,104,10,59.9
"147","48","48",2013-02-05,"22-279","IND","","ATL","W (+11)","1","39:02","20.2","http://www.basketball-reference.com/players/g/georgpa01/gamelog/2013","RS","georgpa01",2013,"8","19",".421","5","9",".556","8","9",".889",0,5,5,4,1,0,2,4,29,"+17",".632",".553","0.0","16.6","8.1","18.8","1.2","0.0","8.0",29.3,117,106,11,63.2
"150","49","49",2013-02-06,"22-280","IND","@","PHI","W (+19)","1","40:05","12.8","http://www.basketball-reference.com/players/g/georgpa01/gamelog/2013","RS","georgpa01",2013,"4","13",".308","1","4",".250","6","8",".750",1,4,5,6,2,0,2,0,15,"+22",".454",".346","2.3","8.9","5.7","26.4","2.8","0.0","10.8",22,102,83,19,45.4
"157","50","50",2013-02-08,"22-282","IND","","TOR","L (-2)","1","47:14","21.5","http://www.basketball-reference.com/players/g/georgpa01/gamelog/2013","RS","georgpa01",2013,"8","19",".421","5","10",".500","5","6",".833",2,12,14,5,1,1,3,3,26,"-3",".601",".553","5.8","27.5","17.9","21.6","1.2","1.3","12.2",25.5,117,98,19,60.1
"160","51","51",2013-02-11,"22-285","IND","","BRK","L (-5)","1","39:15","-0.4","http://www.basketball-reference.com/players/g/georgpa01/gamelog/2013","RS","georgpa01",2013,"1","10",".100","1","5",".200","2","2","1.000",1,5,6,0,2,2,2,6,5,"-11",".230",".150","2.3","14.4","7.7","0.0","3.0","4.0","15.5",15.5,49,93,-44,23
"163","52","52",2013-02-13,"22-287","IND","","CHA","W (+24)","1","38:57","26.5","http://www.basketball-reference.com/players/g/georgpa01/gamelog/2013","RS","georgpa01",2013,"8","17",".471","1","4",".250","6","7",".857",1,11,12,12,2,0,1,2,23,"+28",".573",".500","2.6","26.6","15.1","47.5","2.8","0.0","4.7",23.5,140,78,62,57.3
"166","53","53",2013-02-20,"22-294","IND","","NYK","W (+34)","1","33:21","22.6","http://www.basketball-reference.com/players/g/georgpa01/gamelog/2013","RS","georgpa01",2013,"11","19",".579","4","9",".444","1","1","1.000",1,7,8,3,1,2,2,2,27,"+16",".694",".684","3.6","19.0","12.4","16.5","1.4","5.0","9.3",26.3,132,88,44,69.4
"169","54","54",2013-02-22,"22-296","IND","","DET","W (+32)","1","25:55","5.6","http://www.basketball-reference.com/players/g/georgpa01/gamelog/2013","RS","georgpa01",2013,"4","6",".667","3","4",".750","1","2",".500",0,7,7,2,1,1,7,4,12,"+29",".872",".917","0.0","22.4","14.7","11.0","1.9","2.9","50.4",25.3,73,79,-6,87.2
"172","55","55",2013-02-23,"22-297","IND","@","DET","W (+18)","1","42:19","10.2","http://www.basketball-reference.com/players/g/georgpa01/gamelog/2013","RS","georgpa01",2013,"5","14",".357","1","7",".143","1","2",".500",0,12,12,8,3,0,5,2,12,"+24",".403",".393","0.0","28.4","15.6","32.0","3.8","0.0","25.2",21.8,80,73,7,40.3
"175","56","56",2013-02-26,"22-300","IND","","GSW","W (+11)","1","41:33","19.3","http://www.basketball-reference.com/players/g/georgpa01/gamelog/2013","RS","georgpa01",2013,"9","17",".529","2","9",".222","1","3",".333",2,9,11,4,3,1,2,3,21,"+21",".573",".588","5.1","24.2","14.4","15.1","3.8","2.1","9.8",21.8,116,101,15,57.3
"178","57","57",2013-02-28,"22-302","IND","","LAC","L (-8)","1","42:27","12.8","http://www.basketball-reference.com/players/g/georgpa01/gamelog/2013","RS","georgpa01",2013,"7","18",".389","4","11",".364","2","2","1.000",0,4,4,5,2,1,4,2,20,"0",".530",".500","0.0","12.9","6.0","23.5","2.5","2.0","17.5",24.4,102,110,-8,53
"181","58","58",2013-03-01,"22-303","IND","@","TOR","W (+12)","1","41:57","14.9","http://www.basketball-reference.com/players/g/georgpa01/gamelog/2013","RS","georgpa01",2013,"8","16",".500","4","7",".571","2","2","1.000",1,9,10,3,1,0,4,4,22,"+11",".652",".625","3.6","25.1","15.7","13.8","1.3","0.0","19.2",24.2,112,94,18,65.2
"184","59","59",2013-03-03,"22-305","IND","","CHI","W (+5)","1","44:40","6.6","http://www.basketball-reference.com/players/g/georgpa01/gamelog/2013","RS","georgpa01",2013,"4","14",".286","2","5",".400","0","0","",2,8,10,6,2,0,4,3,10,"+9",".357",".357","6.0","21.5","14.1","22.5","2.4","0.0","22.2",19.4,79,105,-26,35.7
"191","60","60",2013-03-06,"22-308","IND","","BOS","L (-2)","1","43:48","7.9","http://www.basketball-reference.com/players/g/georgpa01/gamelog/2013","RS","georgpa01",2013,"7","22",".318","2","9",".222","0","0","",1,6,7,3,3,1,3,2,16,"0",".364",".364","2.0","15.3","7.9","13.5","3.7","1.7","12.0",25.3,77,92,-15,36.4
"194","61","61",2013-03-08,"22-310","IND","@","ORL","W (+29)","1","27:25","22.8","http://www.basketball-reference.com/players/g/georgpa01/gamelog/2013","RS","georgpa01",2013,"8","12",".667","4","5",".800","5","5","1.000",1,4,5,3,1,0,2,0,25,"+17",".880",".833","4.5","15.9","10.5","18.1","1.9","0.0","12.3",27,154,93,61,88
"196","62","62",2013-03-10,"22-312","IND","@","MIA","L (-14)","1","41:17","3.2","http://www.basketball-reference.com/players/g/georgpa01/gamelog/2013","RS","georgpa01",2013,"2","11",".182","2","7",".286","4","4","1.000",0,6,6,5,1,0,5,3,10,"-20",".392",".273","0.0","22.5","11.4","24.6","1.3","0.0","28.2",22,73,122,-49,39.2
"198","63","63",2013-03-13,"22-315","IND","","MIN","W (+16)","1","27:02","12.6","http://www.basketball-reference.com/players/g/georgpa01/gamelog/2013","RS","georgpa01",2013,"6","11",".545","4","6",".667","1","2",".500",0,5,5,4,1,0,2,5,17,"+8",".715",".727","0.0","20.2","10.4","23.4","2.0","0.0","14.4",23.4,133,103,30,71.5
"200","64","64",2013-03-15,"22-317","IND","","LAL","L (-6)","1","35:43","12.1","http://www.basketball-reference.com/players/g/georgpa01/gamelog/2013","RS","georgpa01",2013,"6","20",".300","3","10",".300","5","5","1.000",2,7,9,3,2,1,3,4,20,"0",".450",".375","4.6","21.4","11.9","13.9","2.7","2.6","11.9",28.5,95,96,-1,45
"202","65","65",2013-03-16,"22-318","IND","@","PHI","L (-7)","1","41:21","15.7","http://www.basketball-reference.com/players/g/georgpa01/gamelog/2013","RS","georgpa01",2013,"6","17",".353","2","7",".286","4","6",".667",2,12,14,8,1,0,2,4,18,"+3",".458",".412","4.6","36.7","18.5","34.4","1.3","0.0","9.2",22.8,108,106,2,45.8
"204","66","66",2013-03-18,"22-320","IND","@","CLE","W (+21)","1","24:55","10.2","http://www.basketball-reference.com/players/g/georgpa01/gamelog/2013","RS","georgpa01",2013,"5","9",".556","0","2",".000","4","5",".800",0,4,4,4,2,1,5,2,14,"+14",".625",".556","0.0","13.3","7.6","26.2","4.0","2.8","30.9",27.2,93,90,3,62.5
"205","67","67",2013-03-19,"22-321","IND","","ORL","W (+22)","1","28:26","12.8","http://www.basketball-reference.com/players/g/georgpa01/gamelog/2013","RS","georgpa01",2013,"7","14",".500","1","3",".333","4","4","1.000",0,5,5,2,0,1,2,2,19,"+5",".603",".536","0.0","14.6","8.0","15.2","0.0","2.3","11.3",26.6,116,79,37,60.3
"206","68","68",2013-03-22,"22-324","IND","","MIL","W (+24)","1","35:12","14.9","http://www.basketball-reference.com/players/g/georgpa01/gamelog/2013","RS","georgpa01",2013,"7","15",".467","1","4",".250","5","6",".833",1,7,8,6,1,0,5,0,20,"+25",".567",".500","3.3","14.2","10.1","28.8","1.5","0.0","22.1",29.1,100,85,15,56.7
"207","69","69",2013-03-23,"22-325","IND","@","CHI","L (-3)","1","37:25","16.9","http://www.basketball-reference.com/players/g/georgpa01/gamelog/2013","RS","georgpa01",2013,"9","20",".450","1","6",".167","4","5",".800",0,11,11,2,3,0,1,5,23,"+4",".518",".475","0.0","30.7","15.9","13.9","4.5","0.0","4.3",31.1,106,91,15,51.8
"212","70","70",2013-03-25,"22-327","IND","","ATL","W (+6)","1","41:56","5.0","http://www.basketball-reference.com/players/g/georgpa01/gamelog/2013","RS","georgpa01",2013,"6","13",".462","1","5",".200","0","0","",0,6,6,4,1,1,6,4,13,"-5",".500",".500","0.0","15.6","7.9","13.8","1.2","1.9","31.6",19.7,79,100,-21,50
"213","71","71",2013-03-27,"22-329","IND","@","HOU","W (+9)","1","39:04","9.0","http://www.basketball-reference.com/players/g/georgpa01/gamelog/2013","RS","georgpa01",2013,"4","17",".235","2","8",".250","6","6","1.000",0,6,6,3,3,0,2,4,16,"+6",".407",".294","0.0","14.5","8.5","12.3","4.1","0.0","9.2",26,88,96,-8,40.7
"214","72","72",2013-03-28,"22-330","IND","@","DAL","W (+25)","1","37:59","21.5","http://www.basketball-reference.com/players/g/georgpa01/gamelog/2013","RS","georgpa01",2013,"10","17",".588","2","5",".400","2","3",".667",0,8,8,6,3,0,3,2,24,"+31",".655",".647","0.0","21.5","11.4","27.7","4.2","0.0","14.1",24.8,124,81,43,65.5
"215","73","73",2013-03-30,"22-332","IND","@","PHO","W (+8)","1","42:37","21.4","http://www.basketball-reference.com/players/g/georgpa01/gamelog/2013","RS","georgpa01",2013,"7","14",".500","2","7",".286","9","12",".750",1,3,4,4,4,2,4,3,25,"+9",".648",".571","2.5","9.7","5.6","15.5","4.8","3.2","17.2",23,123,106,17,64.8
"216","74","74",2013-04-01,"22-334","IND","@","LAC","W (+3)","1","42:56","26.6","http://www.basketball-reference.com/players/g/georgpa01/gamelog/2013","RS","georgpa01",2013,"7","15",".467","2","7",".286","7","9",".778",1,5,6,10,4,1,1,2,23,"+2",".607",".533","3.6","14.0","9.4","35.9","5.1","1.7","5.0",22.9,142,113,29,60.7
"217","75","75",2013-04-05,"22-338","IND","","OKC","L (-22)","1","37:48","3.4","http://www.basketball-reference.com/players/g/georgpa01/gamelog/2013","RS","georgpa01",2013,"3","11",".273","0","6",".000","2","5",".400",2,5,7,2,1,0,1,3,8,"-18",".303",".273","5.4","17.2","10.6","11.0","1.5","0.0","7.0",19.3,71,116,-45,30.3
"218","76","76",2013-04-06,"22-339","IND","@","WAS","L (-19)","1","34:24","-2.5","http://www.basketball-reference.com/players/g/georgpa01/gamelog/2013","RS","georgpa01",2013,"0","8",".000","0","4",".000","2","2","1.000",1,5,6,3,0,0,2,3,2,"-18",".113",".000","3.1","16.2","9.5","12.0","0.0","0.0","18.4",14.2,39,112,-73,11.3
"219","77","77",2013-04-09,"22-342","IND","","CLE","W (+5)","1","33:20","11.3","http://www.basketball-reference.com/players/g/georgpa01/gamelog/2013","RS","georgpa01",2013,"4","12",".333","2","3",".667","4","6",".667",3,4,7,2,3,0,2,2,14,"+3",".478",".417","10.0","14.0","12.0","11.0","4.9","0.0","12.0",22.1,109,103,6,47.8
"220","78","78",2013-04-12,"22-345","IND","","BRK","L (-8)","1","43:00","13.8","http://www.basketball-reference.com/players/g/georgpa01/gamelog/2013","RS","georgpa01",2013,"7","17",".412","3","7",".429","4","4","1.000",1,3,4,4,1,3,4,4,21,"-3",".560",".500","2.9","9.6","6.0","13.9","1.2","5.9","17.6",23.6,105,128,-23,56
"221","79","79",2013-04-14,"22-347","IND","@","NYK","L (-10)","1","39:54","8.8","http://www.basketball-reference.com/players/g/georgpa01/gamelog/2013","RS","georgpa01",2013,"3","12",".250","1","8",".125","2","3",".667",2,5,7,11,2,0,4,3,9,"-5",".338",".292","6.5","15.0","10.9","54.3","2.8","0.0","23.1",20.3,92,102,-10,33.8
"4","1","1",2013-10-29,"23-180","IND","","ORL","W (+10)","1","36:05","20.0","http://www.basketball-reference.com/players/g/georgpa01/gamelog/2014","RS","georgpa01",2014,"8","16",".500","3","6",".500","5","7",".714",1,5,6,5,1,3,4,0,24,NA,".629",".594","3.7","14.2","9.6","28.5","1.4","5.4","17.3",29.2,116,91,25,62.9
"48","2","2",2013-10-30,"23-181","IND","@","NOP","W (+5)","1","39:26","25.6","http://www.basketball-reference.com/players/g/georgpa01/gamelog/2014","RS","georgpa01",2014,"9","19",".474","4","11",".364","10","13",".769",0,6,6,5,2,0,2,2,32,NA,".647",".579","0.0","15.9","9.1","32.0","2.7","0.0","7.5",32.8,127,98,29,64.7
"86","3","3",2013-11-02,"23-184","IND","","CLE","W (+15)","1","30:11","16.3","http://www.basketball-reference.com/players/g/georgpa01/gamelog/2014","RS","georgpa01",2014,"8","17",".471","3","6",".500","2","2","1.000",1,12,13,3,2,0,4,1,21,NA,".587",".559","3.9","40.6","23.5","24.7","3.3","0.0","18.3",32.9,97,70,27,58.7
"120","4","4",2013-11-05,"23-187","IND","@","DET","W (+8)","1","40:40","29.0","http://www.basketball-reference.com/players/g/georgpa01/gamelog/2014","RS","georgpa01",2014,"12","18",".667","4","8",".500","3","3","1.000",1,9,10,4,4,0,4,1,31,NA,".802",".778","3.6","19.7","13.6","19.8","4.9","0.0","17.2",27.2,127,87,40,80.2
"154","5","5",2013-11-06,"23-188","IND","","CHI","W (+17)","1","39:29","11.6","http://www.basketball-reference.com/players/g/georgpa01/gamelog/2014","RS","georgpa01",2014,"6","19",".316","2","5",".400","7","7","1.000",1,5,6,3,0,0,2,2,21,NA,".476",".368","2.6","13.2","7.9","12.7","0.0","0.0","8.3",26.8,109,97,12,47.6
"188","6","6",2013-11-08,"23-190","IND","","TOR","W (+7)","1","38:47","15.9","http://www.basketball-reference.com/players/g/georgpa01/gamelog/2014","RS","georgpa01",2014,"7","21",".333","2","8",".250","7","9",".778",2,6,8,6,2,0,3,2,23,NA,".461",".381","6.9","16.9","12.4","27.2","2.9","0.0","10.7",34.6,100,94,6,46.1
"211","7","7",2013-11-09,"23-191","IND","@","BRK","W (+5)","1","36:05","17.4","http://www.basketball-reference.com/players/g/georgpa01/gamelog/2014","RS","georgpa01",2014,"8","14",".571","3","5",".600","5","5","1.000",0,6,6,2,1,0,3,3,24,NA,".741",".679","0.0","21.0","10.0","10.1","1.5","0.0","15.6",25.1,124,103,21,74.1
"225","8","8",2013-11-11,"23-193","IND","","MEM","W (+16)","1","31:47","15.8","http://www.basketball-reference.com/players/g/georgpa01/gamelog/2014","RS","georgpa01",2014,"9","16",".563","0","3",".000","5","6",".833",2,5,7,1,0,0,2,2,23,NA,".617",".563","8.9","17.6","13.7","6.5","0.0","0.0","9.7",32.2,117,98,19,61.7
"229","9","9",2013-11-15,"23-197","IND","","MIL","W (+27)","1","29:33","14.5","http://www.basketball-reference.com/players/g/georgpa01/gamelog/2014","RS","georgpa01",2014,"10","18",".556","2","8",".250","0","0","",0,2,2,1,2,0,1,3,22,NA,".611",".611","0.0","6.2","3.9","6.8","3.7","0.0","5.3",30.5,123,89,34,61.1
"8","10","10",2013-11-16,"23-198","IND","@","CHI","L (-16)","1","32:44","2.8","http://www.basketball-reference.com/players/g/georgpa01/gamelog/2014","RS","georgpa01",2014,"3","14",".214","0","3",".000","6","6","1.000",1,5,6,2,0,0,3,3,12,NA,".361",".214","3.3","21.6","11.1","9.9","0.0","0.0","15.3",27.1,75,125,-50,36.1
"12","11","11",2013-11-20,"23-202","IND","@","NYK","W (+7)","1","48:50","28.9","http://www.basketball-reference.com/players/g/georgpa01/gamelog/2014","RS","georgpa01",2014,"12","26",".462","2","7",".286","9","12",".750",0,5,5,4,5,2,1,3,35,NA,".559",".500","0.0","9.9","5.4","21.7","5.3","3.1","3.1",30,118,87,31,55.9
"16","12","12",2013-11-22,"23-204","IND","@","BOS","W (+15)","1","37:34","17.1","http://www.basketball-reference.com/players/g/georgpa01/gamelog/2014","RS","georgpa01",2014,"9","20",".450","3","8",".375","6","6","1.000",0,3,3,2,1,0,2,2,27,NA,".596",".525","0.0","12.4","5.3","9.6","1.5","0.0","8.1",30.3,125,99,26,59.6
"20","13","13",2013-11-23,"23-205","IND","","PHI","W (+8)","1","37:13","14.3","http://www.basketball-reference.com/players/g/georgpa01/gamelog/2014","RS","georgpa01",2014,"6","13",".462","2","4",".500","5","7",".714",0,3,3,3,3,0,2,3,19,NA,".591",".538","0.0","6.0","3.7","14.2","3.8","0.0","11.1",20.9,111,96,15,59.1
"24","14","14",2013-11-25,"23-207","IND","","MIN","W (+14)","1","39:20","21.1","http://www.basketball-reference.com/players/g/georgpa01/gamelog/2014","RS","georgpa01",2014,"10","16",".625","4","4","1.000","2","4",".500",0,8,8,4,4,1,6,2,26,NA,".732",".750","0.0","18.4","10.6","17.6","4.9","1.7","25.3",27,108,78,30,73.2
"28","15","15",2013-11-27,"23-209","IND","@","CHA","W (+25)","1","26:55","7.2","http://www.basketball-reference.com/players/g/georgpa01/gamelog/2014","RS","georgpa01",2014,"6","15",".400","1","4",".250","2","3",".667",0,5,5,4,3,0,5,4,15,NA,".460",".433","0.0","15.9","8.9","33.5","5.5","0.0","23.5",33.6,79,69,10,46
"32","16","16",2013-11-29,"23-211","IND","","WAS","W (+20)","1","35:35","22.5","http://www.basketball-reference.com/players/g/georgpa01/gamelog/2014","RS","georgpa01",2014,"10","19",".526","3","4",".750","0","0","",2,2,4,4,4,0,0,0,23,NA,".605",".605","5.9","6.7","6.3","22.0","6.1","0.0","0.0",24.3,135,79,56,60.5
"36","17","17",2013-12-01,"23-213","IND","@","LAC","W (+5)","1","34:54","18.7","http://www.basketball-reference.com/players/g/georgpa01/gamelog/2014","RS","georgpa01",2014,"10","23",".435","4","10",".400","3","3","1.000",1,5,6,5,2,1,3,4,27,NA,".555",".522","3.0","15.3","9.1","27.2","2.9","2.1","11.0",32.3,115,102,13,55.5
"40","18","18",2013-12-02,"23-214","IND","@","POR","L (-4)","1","37:59","29.8","http://www.basketball-reference.com/players/g/georgpa01/gamelog/2014","RS","georgpa01",2014,"16","30",".533","7","15",".467","4","4","1.000",0,3,3,3,3,0,3,4,43,NA,".677",".650","0.0","9.7","4.6","20.2","3.9","0.0","8.6",39.8,120,106,14,67.7
"44","19","19",2013-12-04,"23-216","IND","@","UTA","W (+9)","1","40:49","12.0","http://www.basketball-reference.com/players/g/georgpa01/gamelog/2014","RS","georgpa01",2014,"7","20",".350","1","8",".125","4","4","1.000",1,5,6,4,2,0,2,2,19,NA,".437",".375","3.3","13.1","8.7","14.8","2.6","0.0","8.4",28.3,91,96,-5,43.7
"52","20","20",2013-12-07,"23-219","IND","@","SAS","W (+11)","1","36:30","24.8","http://www.basketball-reference.com/players/g/georgpa01/gamelog/2014","RS","georgpa01",2014,"9","14",".643","4","4","1.000","6","6","1.000",1,3,4,6,0,0,2,2,28,NA,".841",".786","4.1","9.2","7.0","30.2","0.0","0.0","10.7",25.2,159,118,41,84.1
"56","21","21",2013-12-08,"23-220","IND","@","OKC","L (-24)","1","36:26","26.4","http://www.basketball-reference.com/players/g/georgpa01/gamelog/2014","RS","georgpa01",2014,"9","17",".529","4","6",".667","10","11",".909",1,4,5,0,3,0,1,2,32,NA,".733",".647","2.9","17.6","8.8","0.0","4.2","0.0","4.4",28.1,146,121,25,73.3
"60","22","22",2013-12-10,"23-222","IND","","MIA","W (+6)","1","41:50","9.8","http://www.basketball-reference.com/players/g/georgpa01/gamelog/2014","RS","georgpa01",2014,"4","11",".364","3","6",".500","6","6","1.000",0,3,3,4,2,0,6,2,17,NA,".623",".500","0.0","8.6","4.5","15.6","2.6","0.0","30.5",22.8,94,94,0,62.3
"64","23","23",2013-12-13,"23-225","IND","","CHA","W (+5)","1","36:36","5.1","http://www.basketball-reference.com/players/g/georgpa01/gamelog/2014","RS","georgpa01",2014,"2","12",".167","1","6",".167","5","8",".625",0,4,4,5,1,0,1,2,10,NA,".322",".208","0.0","11.4","6.4","19.6","1.4","0.0","6.1",21.9,80,106,-26,32.2
