airline,airport1,airport2,cnt
AA,DFW,SJU,120
AA,MSP,DFW,326
AA,LGA,ORD,860
AA,TPA,JFK,56
AA,STT,BOS,44
AA,PHX,DFW,550
AA,ORD,LAX,496
AA,DCA,STL,200
AA,ORD,SEA,214
AA,XNA,DFW,50
AA,ORD,DFW,825
AA,ORD,LAS,280
AA,DEN,DFW,558
AA,HDN,ORD,48
AA,LAX,DFW,914
AA,BNA,LGA,102
AA,FAT,DFW,112
AA,AUS,JFK,56
AA,PHL,MIA,168
AA,SJU,PHL,56
AA,SFO,MIA,168
AA,DFW,LAS,569
AA,RNO,DFW,150
AA,DFW,ELP,434
AA,LAX,SFO,336
AA,ORD,SFO,326
AA,MCO,DFW,500
AA,ORD,EGE,64
AA,MCO,ORD,224
AA,IAH,DFW,324
AA,DFW,BOS,422
AA,MTJ,DFW,16
AA,ORD,SNA,152
AA,OKC,DFW,390
AA,HSV,DFW,158
AA,DFW,RDU,278
AA,DFW,BHM,168
AA,PHX,MIA,56
AA,ORD,MSY,149
AA,DFW,PDX,224
AA,ORD,MSP,160
AA,FLL,ORD,168
AA,DFW,IAD,308
AA,CMH,DFW,104
AA,OGG,LAX,112
AA,MCI,DFW,436
AA,DFW,SNA,578
AA,AUS,LAX,162
AA,MCI,ORD,214
AA,SJU,BWI,56
AA,OGG,DFW,56
AA,DFW,LGA,776
AA,MIA,DFW,560
AA,LGA,MIA,615
AA,TUL,MIA,4
AA,MIA,JFK,392
AA,ORD,BOS,430
AA,EGE,LAX,56
AA,EGE,JFK,56
AA,BDL,MIA,112
AA,SLC,DFW,280
AA,JFK,SAN,56
AA,JAC,ORD,56
AA,DFW,ONT,222
AA,ATL,MIA,224
AA,MIA,DTW,112
AA,DFW,PIT,170
AA,DFW,TPA,392
AA,SAT,DFW,826
AA,EWR,DFW,310
AA,SJU,BOS,56
AA,DFW,COS,278
AA,STL,DFW,486
AA,EWR,ORD,168
AA,EGE,MIA,48
AA,MIA,DEN,112
AA,DCA,ORD,324
AA,DFW,HDN,64
AA,DFW,IND,278
AA,SAN,ORD,224
AA,SJU,TPA,56
AA,DFW,JAX,216
AA,SAN,DFW,500
AA,LAX,LAS,222
AA,STL,ORD,483
AA,DTW,DFW,260
AA,AUS,DFW,820
AA,MIA,TPA,298
AA,FLL,DFW,336
AA,LAX,LIH,56
AA,DFW,ICT,214
AA,LAS,MIA,168
AA,SAT,ORD,112
AA,SFO,DFW,526
AA,DFW,CLT,360
AA,MIA,BOS,392
AA,SJU,BDL,56
AA,ORD,PSP,64
AA,ORD,RSW,168
AA,BNA,LAX,56
AA,JFK,ORD,56
AA,HNL,SFO,56
AA,MIA,EWR,168
AA,EGE,DFW,136
AA,KOA,LAX,56
AA,LAX,MCO,56
AA,ORD,PBI,150
AA,DFW,SEA,392
AA,SJU,ORD,112
AA,MIA,IAD,112
AA,SJC,DFW,318
AA,LAX,EWR,54
AA,RNO,ORD,56
AA,DFW,SMF,224
AA,ORD,DEN,112
AA,MIA,IAH,168
AA,RIC,DFW,166
AA,MIA,BWI,112
AA,SJC,ORD,112
AA,SDF,DFW,164
AA,DFW,BDL,162
AA,BNA,DFW,436
AA,IAD,SJU,56
AA,DFW,JAC,24
AA,MIA,BNA,56
AA,BWI,DFW,326
AA,MFE,DFW,214
AA,STL,LGA,206
AA,PHL,DFW,322
AA,MIA,STT,112
AA,BUR,DFW,208
AA,TUS,ORD,112
AA,DCA,MIA,504
AA,HNL,ORD,46
AA,MIA,STX,62
AA,ORD,AUS,166
AA,DFW,PSP,168
AA,LAX,IAD,166
AA,DFW,ABQ,444
AA,MIA,STL,168
AA,DFW,RSW,168
AA,DFW,HNL,112
AA,JFK,FLL,112
AA,MIA,MCO,448
AA,LAX,MIA,392
AA,LAX,HNL,216
AA,RDU,ORD,156
AA,DFW,TUL,390
AA,MCO,JFK,224
AA,DFW,TUS,419
AA,OMA,DFW,272
AA,DFW,JFK,56
AA,JFK,LAS,112
AA,LGA,EGE,8
AA,JFK,LAX,548
AA,ORD,TPA,150
AA,STT,JFK,56
AA,MEM,DFW,214
AA,DFW,MSY,336
AA,TUL,ORD,56
AA,DFW,DAY,104
AA,JFK,SJU,168
AA,ATL,DFW,580
AA,LAX,SJU,16
AA,SEA,JFK,56
AA,MIA,RDU,168
AA,ORD,PHL,110
AA,MIA,MSY,168
AA,SJU,MIA,448
AA,SFO,JFK,278
AA,MSP,MIA,56
AA,DFW,PBI,112
AA,STL,LAX,166
AA,ORD,PHX,280
AA,BOS,LAX,168
AA,ORD,MIA,505
AA,DFW,ORF,112
AA,DFW,DCA,588
OO,ORD,MKE,416
OO,MRY,DEN,56
OO,AUS,ORD,40
OO,LAX,ABQ,139
OO,ASE,SFO,102
OO,MKE,STL,160
OO,BOI,LAX,90
OO,LAX,JAC,56
OO,CAK,ORD,4
OO,SAT,LAX,145
OO,IDA,DEN,156
OO,SFO,BUR,280
OO,MEM,MKE,60
OO,CLE,ORD,29
OO,DEN,MSY,24
OO,DEN,BHM,56
OO,SLC,DEN,656
OO,BHM,ORD,32
OO,ACV,SFO,340
OO,GCC,RKS,56
OO,MKE,DSM,104
OO,DEN,FAR,70
OO,STL,MEM,54
OO,DEN,PHX,36
OO,SEA,SFO,26
OO,SFO,GEG,112
OO,MSP,CID,61
OO,DFW,IAD,16
OO,ORD,STL,46
OO,DFW,IAH,102
OO,BFL,SFO,168
OO,BOI,ORD,57
OO,BZN,ORD,83
OO,SLC,SAT,152
OO,SLC,BZN,220
OO,ICT,MEM,50
OO,IAH,PIT,57
OO,GTF,SLC,152
OO,SLC,TWF,225
OO,AVL,ORD,112
OO,ATL,IAD,3
OO,ATL,IAH,100
OO,IAH,IAD,84
OO,DEN,GJT,285
OO,DEN,EUG,96
OO,FAT,DEN,152
OO,SBP,SFO,274
OO,ORD,SAT,6
OO,BIS,CLE,1
OO,FAR,ORD,54
OO,MSP,LEX,32
OO,SFO,MMH,56
OO,DEN,MSP,20
OO,ASE,LAX,164
OO,ASE,ORD,236
OO,STL,SLC,1
OO,ORF,IAD,30
OO,SLC,MSY,56
OO,MTJ,ORD,64
OO,LIT,DEN,53
OO,DEN,MEM,9
OO,OKC,ORD,78
OO,CLE,ATL,20
OO,GRB,ORD,84
OO,EUG,PDX,212
OO,CLD,LAX,324
OO,IAD,SYR,6
OO,DEN,GEG,56
OO,LAX,SMF,224
OO,RAP,SLC,104
OO,PSP,LAX,354
OO,CIC,SFO,216
OO,DEN,IND,10
OO,LAX,SMX,216
OO,ORD,PAH,112
OO,RKS,SLC,112
OO,GJT,ASE,1
OO,TYS,DEN,56
OO,DEN,RDM,56
OO,HSV,DEN,90
OO,SFO,MFR,300
OO,MKE,DEN,112
OO,CPR,SLC,108
OO,COS,SLC,108
OO,ORD,IND,62
OO,DEN,MAF,112
OO,SFO,PDX,190
OO,BFL,LAX,100
OO,ORD,DSM,85
OO,IAH,DEN,26
OO,LAX,TUS,230
OO,OAK,SLC,152
OO,SLC,IDA,264
OO,DEN,PIT,4
OO,MCI,SFO,56
OO,DEN,SNA,44
OO,SLC,COD,112
OO,IAH,MAF,53
OO,SYR,ORD,16
OO,SDF,MSP,76
OO,MSP,BNA,52
OO,OKC,IAD,12
OO,PSC,SLC,224
OO,ORD,HPN,172
OO,COS,ORD,227
OO,ORD,DAY,68
OO,ORD,CWA,156
OO,GRR,ORD,44
OO,LAX,RNO,163
OO,DEN,SGF,18
OO,MSP,GFK,246
OO,AUS,SLC,96
OO,BOS,CLE,19
OO,SEA,SLC,128
OO,TUS,SFO,112
OO,FWA,ORD,164
OO,CEC,ACV,48
OO,SFO,AUS,111
OO,IAH,MSP,62
OO,LGB,SLC,270
OO,SAN,DEN,7
OO,MKG,ORD,120
OO,OKC,DEN,24
OO,SFO,LAS,28
OO,MSN,MSP,38
OO,IAH,RSW,20
OO,MSP,RST,37
OO,BTM,SLC,104
OO,IAD,COS,55
OO,GJT,SLC,156
OO,DEN,ASE,610
OO,FAT,SLC,152
OO,DEN,ICT,138
OO,DRO,DEN,363
OO,CMX,ORD,112
OO,SGU,SLC,248
OO,GJT,LAX,1
OO,DEN,SJC,125
OO,MKE,IND,160
OO,MSP,RAP,184
OO,SFO,DFW,36
OO,SMF,ACV,96
OO,LAX,LAS,389
OO,DEN,HLN,108
OO,BIS,SLC,1
OO,ORD,CRW,4
OO,SFO,SMF,392
OO,IAH,RDU,22
OO,LAX,MTJ,16
OO,IAH,OKC,109
OO,MSP,OMA,49
OO,PSC,DEN,160
OO,SLC,ABQ,298
OO,SLC,OKC,160
OO,IAH,PHX,72
OO,SLC,MSP,17
OO,ICT,ORD,31
OO,DSM,DEN,33
OO,SLC,RDM,108
OO,ORD,OMA,100
OO,SAN,SFO,64
OO,MTJ,DEN,166
OO,SLC,BOI,219
OO,PDX,DEN,104
OO,IPL,LAX,77
OO,ELP,IAH,123
OO,SJC,SLC,238
OO,ORD,PIA,62
OO,LAX,IYK,146
OO,SLC,PSP,168
OO,BIS,MSP,139
OO,RKS,DEN,112
OO,SFO,LMT,112
OO,ORD,PIT,55
OO,COS,MSP,56
OO,PSP,SFO,224
OO,SFO,ONT,224
OO,LSE,MSP,76
OO,MSP,FAR,138
OO,ONT,DEN,4
OO,DEN,JAC,104
OO,DSM,IAH,28
OO,SDF,ORD,20
OO,COS,LAX,152
OO,ORD,ABQ,2
OO,DFW,ORD,78
OO,DEN,CMH,2
OO,SLC,SFO,494
OO,IAD,AUS,16
OO,ABQ,SFO,56
OO,MSP,ORD,4
OO,CEC,SFO,104
OO,ORD,ORF,30
OO,ABQ,IAH,55
OO,DEN,DFW,52
OO,DTW,DEN,18
OO,STL,DEN,18
OO,BOI,DEN,244
OO,SLC,TUS,164
OO,SNA,SLC,88
OO,SEA,LAX,209
OO,SLC,TUL,56
OO,DFW,LAX,112
OO,LAX,SLC,324
OO,FSD,DEN,112
OO,FAT,SFO,244
OO,HLN,MSP,2
OO,BNA,CVG,12
OO,PDX,SLC,198
OO,COD,DEN,56
OO,JAC,SLC,91
OO,CMH,MSP,20
OO,IAH,TUS,139
OO,CWA,EAU,48
OO,ORD,LIT,19
OO,BZN,SFO,56
OO,DEN,GCC,112
OO,SBA,SFO,430
OO,PDX,SEA,468
OO,ELP,DEN,72
OO,SFO,SNA,176
OO,SFO,RDD,248
OO,MSO,SLC,238
OO,BNA,SLC,56
OO,MCI,ORD,51
OO,MBS,ORD,160
OO,MSN,ORD,170
OO,DLH,ORD,112
OO,RDM,PSP,1
OO,DEN,CPR,208
OO,PIA,DEN,11
OO,LAX,YUM,268
OO,DTW,IAH,58
OO,PDX,LMT,56
OO,ONT,SLC,238
OO,DEN,MCI,24
OO,HLN,SLC,152
OO,BUR,SLC,158
OO,DEN,SMF,104
OO,LAX,PHX,232
OO,DEN,RAP,214
OO,LAS,PSP,168
OO,DEN,TUL,51
OO,MSP,MKE,8
OO,CVG,ORD,63
OO,IAD,PIT,6
OO,MSP,IND,28
OO,BNA,ORD,28
OO,LAX,SBA,434
OO,DEN,HDN,224
OO,SMF,RNO,1
OO,DEN,MLI,69
OO,FCA,SLC,166
OO,ATL,ORD,26
OO,DSM,MSP,60
OO,BZN,DEN,168
OO,ORD,DTW,56
OO,COS,IAH,155
OO,PHX,SLC,159
OO,MEM,ORD,53
OO,ASE,IAH,56
OO,SLC,RNO,156
OO,IPL,YUM,31
OO,DEN,BIS,163
OO,SBP,LAX,326
OO,LNK,ORD,95
OO,ORD,SGF,70
OO,ORD,FSD,28
OO,ATW,ORD,60
OO,XNA,ORD,16
OO,BIL,DEN,120
OO,MLI,ORD,105
OO,MSN,DEN,82
OO,CVG,MSP,12
OO,ORD,TYS,60
OO,DEN,CLE,52
OO,PDX,OTH,56
OO,MKE,OMA,160
OO,DEN,SBA,112
OO,SLC,GEG,188
OO,TUL,ORD,60
OO,CLE,CVG,52
OO,DEN,GUC,112
OO,MKE,IAH,53
OO,SLC,PIH,216
OO,SLC,CDC,96
OO,OMA,SLC,132
OO,SLC,LWS,102
OO,OKC,LAX,56
OO,AUS,DEN,32
OO,SLC,IAH,208
OO,MSP,DLH,58
OO,DEN,FCA,56
OO,SLC,LAS,87
OO,DEN,XNA,27
OO,EAU,ORD,112
OO,MEM,MSP,11
OO,GCC,SLC,56
OO,XNA,IAH,1
OO,MEM,SLC,70
OO,SAT,SFO,56
OO,BIL,SLC,216
OO,TUL,LAX,35
OO,SFO,MRY,330
OO,MSP,STL,1
OO,DEN,BNA,4
OO,SUN,SLC,392
OO,MSP,MOT,202
OO,PIT,MSP,28
OO,LAX,SFO,168
OO,SFO,OTH,112
OO,SLC,FAR,56
OO,ORD,TVC,44
OO,SLC,MFR,104
OO,PDX,RDM,164
OO,FAT,LAS,216
OO,SFO,PSC,112
OO,FAT,LAX,294
OO,ABQ,DEN,159
OO,RNO,DEN,73
OO,CLT,IAH,62
OO,PAH,LIT,1
OO,LAN,ORD,169
OO,SAN,SLC,76
OO,CID,ORD,126
OO,MKE,CAK,104
OO,GRR,DEN,3
OO,DEN,EGE,164
OO,ORD,RAP,10
OO,DAY,DEN,8
OO,STL,IAH,22
OO,IAH,MCI,81
OO,MSP,FCA,34
OO,MSP,TYS,33
OO,MSP,ICT,48
OO,MSO,DEN,164
OO,PSP,DEN,192
OO,SMF,SLC,209
OO,OMA,DEN,36
OO,LAX,SAN,1044
OO,DEN,LNK,127
OO,DEN,SEA,26
OO,IAD,IND,16
OO,BFL,DEN,56
OO,ORD,LEX,138
OO,MKE,PIT,168
OO,DEN,ATL,64
OO,DFW,SLC,110
OO,DEN,CVG,2
OO,SLC,MCI,152
OO,ELP,LAX,112
OO,MCI,MSP,24
OO,MSP,GRR,32
OO,ORD,SBN,124
OO,MSP,PSC,56
OO,EKO,SLC,216
OO,CID,DEN,45
OO,IAH,GRR,56
OO,MOD,SFO,216
OO,DEN,COS,604
OO,CVG,IAH,26
OO,COS,SFO,55
OO,PHX,SFO,72
OO,CVG,MKE,48
OO,SLC,ORD,326
OO,CLE,DCA,20
OO,SFO,RNO,269
OO,CMH,ORD,18
OO,MSP,BOI,10
OO,LAX,PDX,203
OO,DEN,GTF,108
OO,DEN,SAT,102
OO,SFO,EUG,328
OO,SLC,EUG,105
OO,LAS,DEN,42
OO,SDF,DEN,2
OO,DAY,MSP,60
OO,LAX,SJC,168
OO,BUR,DEN,112
OO,BOI,SFO,224
OO,ORD,SPI,160
OO,DFW,MSP,12
OO,MSP,CLE,104
OO,RDM,SFO,164
OO,TUS,DEN,315
OO,LAX,MRY,168
OO,MSP,TUL,56
OO,DEN,MOT,108
OO,CMH,IAH,46
OO,MFR,DEN,56
OO,IAH,AUS,20
OO,ORD,IAH,3
all,DFW,MOB,168
all,OKC,STL,90
all,MEM,MLI,24
all,MDW,RSW,284
all,BOI,LAS,112
all,XNA,DFW,437
all,BNA,BWI,364
all,BOI,LAX,90
all,BWI,MHT,412
all,ANC,ORD,56
all,CAK,ORD,164
all,ELP,ORD,220
all,MSP,HNL,24
all,MEM,STL,134
all,AGS,ATL,512
all,MDW,SAN,168
all,ROC,ORD,451
all,LBB,DFW,272
all,ABE,ORD,353
all,MFE,MEM,45
all,IAH,DFW,661
all,DFW,BOS,422
all,MDW,SAT,100
all,ACV,SFO,340
all,GCC,RKS,56
all,ONT,SEA,152
all,MCI,SFO,56
all,ATL,LEX,346
all,DFW,IAD,418
all,SLC,OAK,472
all,BOS,BWI,966
all,JAN,MDW,56
all,AUS,LAX,263
all,JFK,ROC,184
all,AUS,LAS,168
all,ATL,TRI,347
all,DFW,LGA,776
all,PHX,PSP,320
all,JAX,CLE,22
all,PHX,SBP,112
all,JAX,CLT,364
all,AVP,CLT,8
all,MCO,RIC,101
all,PHL,PBI,280
all,AVL,ORD,112
all,TUS,SEA,56
all,LAX,JAC,56
all,AMA,DAL,321
all,FLG,PHX,310
all,OMA,DTW,132
all,BWI,EWR,132
all,IAD,STT,17
all,IND,SLC,50
all,LAS,SNA,479
all,BOI,GEG,148
all,DFW,AGS,112
all,SJC,OGG,24
all,BOS,JAX,56
all,ATL,MYR,262
all,SFO,MSY,23
all,SMF,PHX,575
all,MKE,LGA,394
all,MCO,MDW,528
all,MCO,MDT,56
all,BOS,BUF,124
all,EWR,DCA,343
all,GSO,ORD,101
all,LAS,ONT,421
all,HOU,OAK,100
all,ALB,MDW,111
all,LGA,JAX,52
all,FLL,JAX,270
all,LGA,CLE,341
all,MIA,MEM,218
all,BRO,IAH,262
all,MDW,MSP,432
all,SDF,CLE,71
all,CLT,ILM,228
all,DCA,CLT,476
all,DEN,SDF,70
all,ORF,IAD,296
all,EWR,DAY,144
all,RST,ORD,110
all,LAS,BLI,56
all,ISP,RSW,36
all,LIT,DEN,153
all,TYS,IAD,140
all,PHX,YUM,328
all,SEA,STL,112
all,ATL,OKC,216
all,SDF,DFW,220
all,AUS,HRL,56
all,PHL,STL,104
all,CLD,LAX,324
all,RIC,CLT,268
all,HNL,ORD,102
all,DFW,SJU,120
all,LEX,MEM,56
all,ATW,ORD,288
all,ATL,PDX,146
all,DEN,RDU,56
all,DEN,RDM,56
all,ORD,TPA,362
all,DFW,TLH,56
all,SMF,ATL,88
all,SAN,SAT,104
all,ROA,ORD,73
all,ORD,PHL,1018
all,IAH,BWI,202
all,DCA,JFK,280
all,ORD,PHX,767
all,ATL,AVL,448
all,ORD,MQT,56
all,ORD,DSM,468
all,CLE,DEN,164
all,DEN,CLT,280
all,BNA,EWR,260
all,MDW,SFO,109
all,DSM,ATL,97
all,MOB,IAH,260
all,ATL,ILM,325
all,SNA,IAH,252
all,MCO,SJU,371
all,SEA,LIH,56
all,MSN,ORD,429
all,LAX,DFW,1028
all,FAT,DFW,112
all,CHS,EWR,108
all,LIH,PHX,42
all,OKC,IAH,449
all,OKC,IAD,12
all,ITO,HNL,1016
all,IAD,RDU,259
all,ORD,DBQ,48
all,BOS,IAH,242
all,LAS,MKE,319
all,BOS,IAD,559
all,TUS,SFO,112
all,FWA,ORD,312
all,CEC,ACV,48
all,CRW,MCO,24
all,ABE,ATL,112
all,CLE,TYS,34
all,GSP,CVG,1
all,CLE,MCI,154
all,CLE,MCO,162
all,PHL,ATL,977
all,EWR,ROC,159
all,MEM,MCO,168
all,MEM,MCI,84
all,DFW,ONT,222
all,IAH,ORF,112
all,IAH,ORD,830
all,MCO,STL,248
all,LAX,LAS,1759
all,TYS,ORD,456
all,AEX,IAH,112
all,DEN,ASE,610
all,BWI,RDU,312
all,DFW,IND,278
all,CMX,ORD,112
all,RDU,LGA,479
all,DFW,EVV,112
all,PHX,SDF,56
all,SGU,SLC,248
all,ISP,PBI,168
all,OMA,FSD,1
all,FLL,DFW,336
all,MSP,BIL,23
all,ATL,SRQ,446
all,IND,JFK,56
all,SFO,DFW,628
all,SMF,ACV,96
all,DEN,HLN,108
all,PIT,CVG,12
all,BIS,SLC,1
all,ABQ,OAK,101
all,BOS,SRQ,68
all,BWI,HSV,112
all,DAB,ATL,247
all,ATL,BTR,420
all,TLH,MIA,144
all,IAD,MHT,28
all,LAX,CLE,108
all,AUS,SFO,167
all,TPA,DEN,308
all,MIA,BWI,156
all,BNA,JAX,158
all,EWR,DTW,400
all,JFK,PHX,314
all,PIT,TPA,156
all,MFE,DFW,214
all,DSM,DEN,146
all,MSP,SAN,164
all,ORD,STT,8
all,DCA,MIA,616
all,IAD,ALB,202
all,ABQ,PDX,56
all,MLI,RSW,14
all,MTJ,DEN,222
all,MSP,SAT,24
all,STL,TPA,112
all,JFK,FLL,802
all,LAX,CMH,24
all,LAX,MIA,392
all,CLT,PHL,539
all,ORD,PIA,215
all,SLC,PSP,168
all,OMA,STL,147
all,MDW,STL,464
all,SFO,LMT,112
all,ALB,MCO,168
all,BRW,ANC,36
all,LSE,MSP,76
all,CLE,EWR,318
all,DSM,IAH,108
all,MIA,RDU,168
all,SEA,SAN,376
all,LGA,CMH,248
all,AUS,IAH,550
all,CLE,MKE,186
all,OMA,PHX,256
all,EWR,RSW,297
all,DEN,CMH,68
all,BOS,SLC,102
all,FLL,DTW,314
all,MSP,DFW,414
all,LAX,FAT,558
all,VPS,IAH,112
all,ORD,ORF,190
all,ABY,ATL,148
all,BOS,PBI,272
all,ABQ,IAH,310
all,BDL,DTW,108
all,ORD,DFW,1053
all,ATL,JAN,408
all,EGE,MIA,48
all,DCA,RSW,136
all,IAD,LGB,56
all,IAD,LGA,259
all,ATL,JAC,12
all,ASE,LAX,164
all,ATL,JAX,852
all,DEN,XNA,93
all,IAH,TUL,232
all,FSD,DEN,216
all,FAT,SFO,244
all,SYR,DCA,48
all,RDU,DTW,120
all,CMH,MSP,20
all,IAH,TUS,232
all,IAD,PNS,110
all,BZN,SFO,56
all,PHX,MIA,56
all,DEN,GCC,112
all,PDX,SEA,468
all,MDW,OMA,259
all,ELP,DEN,161
all,FAI,SEA,112
all,SFO,SNA,686
all,BWI,ORF,208
all,BWI,ORD,525
all,SFO,RDD,248
all,LAX,BWI,112
all,CVG,FLL,100
all,BHM,JAX,56
all,LGA,PHF,104
all,CLT,SEA,56
all,SJU,BWI,84
all,MCO,SWF,56
all,DLH,ORD,112
all,IAH,CRW,52
all,RDM,PSP,1
all,SFO,ATL,368
all,IAH,CRP,492
all,ORD,CMI,306
all,ORD,CMH,714
all,MCI,MKE,118
all,PHX,SEA,765
all,LAS,CLE,186
all,MCI,IAD,92
all,MCI,IAH,500
all,OAK,KOA,24
all,DFW,PIT,173
all,DTW,IAH,323
all,DFW,PIA,150
all,IAH,CLE,330
all,LAX,PHX,1149
all,IAH,CLT,716
all,GSO,IAH,97
all,LBB,IAH,202
all,LAX,PHL,272
all,LGB,SFO,204
all,MEM,GTR,56
all,OAK,PDX,300
all,MIA,TPA,298
all,AUS,LGB,56
all,BTV,JFK,200
all,ATL,TPA,1033
all,IDA,DEN,156
all,DFW,ICT,214
all,PHL,SEA,56
all,LGA,MIA,615
all,AUS,SEA,52
all,BWI,ECP,112
all,JFK,PIT,168
all,BOS,MSY,46
all,BOS,MSP,262
all,DTW,SJU,8
all,MCO,ROC,56
all,EWR,MCO,772
all,BUF,BWI,270
all,BZN,DEN,224
all,GPT,TPA,24
all,SEA,IAD,168
all,SEA,IAH,351
all,LAS,MHT,56
all,BWI,PWM,112
all,DCA,ATL,1162
all,SLC,JAC,190
all,PBI,DTW,157
all,IPL,YUM,31
all,MSY,CLT,224
all,BUF,FLL,120
all,RDU,IAH,262
all,BDL,RSW,56
all,ASE,ORD,236
all,LAS,TUS,271
all,PIT,RSW,80
all,IND,MCO,264
all,LAS,TUL,64
all,IND,MCI,101
all,SRQ,DTW,56
all,DFW,HNL,112
all,BNA,MEM,64
all,CVG,MSP,12
all,ROC,RSW,18
all,MDW,TPA,260
all,ELM,DTW,108
all,EWR,PBI,500
all,LIT,STL,104
all,DEN,SBA,112
all,MCI,CVG,2
all,ECP,HOU,112
all,SJC,SLC,238
all,ATL,MEM,685
all,ATL,MEI,104
all,JFK,RSW,276
all,BOS,LAX,380
all,IAH,HNL,56
all,SLC,IAH,334
all,BOS,LAS,126
all,SEA,SNA,438
all,JAX,JFK,145
all,EAU,ORD,112
all,BDL,BNA,56
all,MIA,CMH,168
all,GRK,IAH,29
all,MSP,STL,233
all,ATL,PBI,712
all,DEN,LIH,8
all,SLC,FAR,56
all,SBN,DTW,8
all,SMF,HNL,56
all,FAT,LAS,264
all,MTJ,DFW,56
all,EWR,GSP,82
all,ATL,GTR,56
all,BQN,JFK,81
all,ORD,PVD,118
all,ORD,MSY,216
all,DEN,IAD,526
all,DEN,IAH,530
all,ORD,MSP,789
all,BKG,MCO,8
all,YAK,CDV,56
all,AZO,ORD,166
all,RIC,ATL,594
all,GRR,DEN,11
all,EWR,EGE,56
all,OGG,LAX,376
all,FLL,HOU,112
all,MDW,SDF,207
all,PHX,FLL,168
all,CLT,CVG,198
all,SFO,EUG,328
all,PHX,STL,330
all,MSY,IAD,90
all,MSY,IAH,582
all,BNA,STL,104
all,DFW,BMI,56
all,DTW,MCO,436
all,MSP,FCA,34
all,FNT,MCO,56
all,IAH,LRD,180
all,JAC,ORD,110
all,MSP,ICT,48
all,BOS,RIC,104
all,MSP,RDU,4
all,ORD,PDX,290
all,PSP,DEN,224
all,STL,DFW,486
all,HSV,MEM,116
all,CLE,PHX,80
all,ELP,ATL,112
all,CLT,SJU,152
all,IAD,JFK,327
all,STL,ORD,529
all,BDL,DEN,56
all,SMF,MSP,96
all,BNA,RDU,200
all,HOU,JFK,98
all,LAS,SAT,216
all,LAS,SAN,648
all,BWI,PVD,454
all,LAS,MIA,168
all,BFL,PHX,176
all,ELP,LAS,168
all,SJU,BDL,56
all,MDW,RNO,56
all,BUF,CLT,224
all,ELP,LAX,249
all,JFK,LGB,100
all,IAD,ORD,386
all,ATL,SBN,8
all,MCO,SDF,56
all,DFW,MHK,168
all,ATL,CHO,158
all,CLT,SDF,142
all,BWI,MKE,265
all,ATL,SLC,473
all,BQN,MCO,46
all,SAT,LAX,241
all,MOD,SFO,216
all,BNA,ECP,112
all,DFW,BDL,162
all,DFW,PDX,224
all,BIS,ORD,56
all,CVG,IAH,238
all,ORD,CLT,915
all,COS,SFO,55
all,DFW,VPS,276
all,ABQ,DAL,412
all,STL,EWR,236
all,PHX,SFO,754
all,MDW,MSY,56
all,CVG,BOS,30
all,MSP,BOI,36
all,DEN,SAN,779
all,ATL,MDT,214
all,IND,ATL,595
all,ATL,MDW,668
all,MCO,PHF,56
all,DEN,SAT,246
all,PNS,ATL,574
all,MCO,PHL,874
all,HNL,EWR,56
all,LGA,MDW,267
all,SLC,SMF,266
all,SLC,EUG,105
all,FLL,CLE,105
all,BIL,SLC,216
all,AUS,SJC,198
all,PIT,LAX,56
all,MCI,PHX,337
all,LAX,SJC,1014
all,LGA,XNA,120
all,LAX,SJU,16
all,CLT,ABE,56
all,HOU,LAS,216
all,DCA,LGA,772
all,MSP,TUL,56
all,TPA,DCA,320
all,HDN,EWR,8
all,MFR,DEN,56
all,CVG,CLE,54
all,CRW,LGA,48
all,GJT,ASE,1
all,MSP,TUS,40
all,BUR,SEA,160
all,SDF,TPA,56
all,ORF,ATL,334
all,LAX,ABQ,328
all,CLE,BOS,103
all,CLE,IAD,224
all,ASE,SFO,102
all,BHM,MIA,112
all,DTW,MKE,99
all,TYS,IAH,163
all,SMF,OGG,28
all,MSY,PHX,56
all,ATL,GSP,332
all,CLT,LAX,224
all,BWI,CLT,580
all,GSO,MIA,112
all,CLT,LAS,280
all,LIT,MEM,137
all,PDX,IAH,168
all,BWI,CLE,154
all,MSY,PHL,100
all,ORD,PWM,63
all,OKC,PHX,112
all,PDX,IAD,56
all,MCO,IAH,348
all,DFW,HOU,372
all,PHL,PIT,474
all,OAK,SAN,644
all,EWR,FLL,688
all,DAL,LBB,312
all,JFK,PDX,80
all,LAS,PDX,328
all,MKE,DSM,104
all,LAS,LGB,264
all,LGB,PDX,106
all,BNA,MDW,357
all,MSP,CID,61
all,BUR,PHX,647
all,IAH,HDN,56
all,BFL,SFO,168
all,JFK,DTW,107
all,EWR,SAV,148
all,EWR,SAT,92
all,ORD,RIC,308
all,PDX,KOA,32
all,LAS,RNO,546
all,DSM,MCO,16
all,ANC,SLC,56
all,IAH,PIT,250
all,TPA,CLT,448
all,DAL,SAT,709
all,JFK,SAN,264
all,SEA,SMF,427
all,BNA,RSW,36
all,SCC,BRW,36
all,HNL,GUM,56
all,IAH,IAD,328
all,LAS,PVD,56
all,GRR,DTW,84
all,GEG,LAS,112
all,BOS,PDX,48
all,SEA,ANC,750
all,MIA,CLE,152
all,CLL,DFW,56
all,DTW,BWI,464
all,SAN,DFW,500
all,DCA,FLL,268
all,ATL,DAY,379
all,FAT,DEN,152
all,SBP,SFO,274
all,LAX,LIH,176
all,TYS,MIA,112
all,BIS,CLE,1
all,SFO,MMH,56
all,LGA,IAH,414
all,EWR,TPA,366
all,HNL,LIH,1264
all,JAX,ORD,328
all,JAX,ORF,104
all,BOS,DEN,368
all,CLT,MEM,408
all,PHX,DCA,168
all,MDW,SEA,102
all,BHM,CLT,40
all,GRR,DFW,148
all,LCH,DFW,112
all,HOU,LIT,56
all,EWR,MSY,132
all,DFW,GUC,116
all,EWR,MSN,48
all,BHM,STL,56
all,LAX,SMF,646
all,LGB,OAK,169
all,RAP,SLC,104
all,PSP,LAX,354
all,OGG,SAN,56
all,ORD,AUS,280
all,IAD,DTW,80
all,DFW,PSP,168
all,ABQ,TUS,112
all,LAX,SMX,216
all,ORD,PAH,112
all,STT,EWR,64
all,MDW,PDX,48
all,ALB,FLL,56
all,TOL,ORD,48
all,ATL,BWI,849
all,DSM,DFW,326
all,HOU,MSY,521
all,BRO,DFW,112
all,PHX,CMH,166
all,DFW,CID,264
all,BHM,HOU,104
all,AMA,DEN,111
all,CPR,SLC,108
all,RIC,EWR,248
all,DAL,HOU,1286
all,BOS,MCO,600
all,OAK,ONT,419
all,IND,DCA,2
all,SFO,PDX,392
all,LAS,MDW,439
all,LAX,TUS,497
all,STT,BOS,44
all,IAD,ROA,87
all,CHS,ORD,101
all,IAD,ROC,194
all,BWI,PIT,156
all,DCA,SLC,56
all,STL,TUL,96
all,DFW,LIT,550
all,EYW,MCO,56
all,EWR,IAD,72
all,HDN,ORD,56
all,TYS,DEN,56
all,ELP,SAN,56
all,MCO,MHT,168
all,GRB,MSP,75
all,ELP,SAT,152
all,RNO,IAH,24
all,SYR,ORD,407
all,BNA,DFW,436
all,EWR,BOS,408
all,MCO,PIT,248
all,MSP,BNA,52
all,ATL,SWF,47
all,ATL,MGM,372
all,TUL,EWR,48
all,BHM,DAL,159
all,DEN,FLL,247
all,ORD,SNA,314
all,LAS,EWR,300
all,HSV,DFW,158
all,KOA,DEN,8
all,SAV,ORD,164
all,BUR,SJC,410
all,ORD,CWA,156
all,LGA,MEM,164
all,SFO,IAH,416
all,SFO,IAD,417
all,MSP,GFK,246
all,CVG,LGA,108
all,MCI,DEN,590
all,MCI,STL,244
all,DFW,SNA,578
all,MKE,DFW,278
all,BNA,PHX,152
all,LGA,LAS,2
all,MKE,SRQ,56
all,TPA,LGA,206
all,BWI,IND,158
all,MKG,ORD,120
all,ATL,VLD,158
all,DEN,LGA,360
all,SBA,SFO,430
all,SLC,PIH,216
all,ROC,CLE,102
all,FAR,MSP,254
all,DFW,TPA,392
all,LGA,MSY,152
all,IAD,COS,55
all,GJT,SLC,156
all,SEA,EWR,236
all,BNA,TPA,215
all,ATL,GRR,122
all,JFK,PWM,167
all,SJC,SNA,365
all,DEN,ICT,261
all,CVG,EWR,246
all,DRO,DEN,412
all,BWI,CMH,206
all,BDL,DCA,144
all,ATL,GRK,112
all,IAH,MLU,23
all,DFW,BTR,438
all,MCO,SFO,56
all,MDW,SJC,56
all,CLT,MDT,196
all,IAH,SAV,94
all,MIA,SEA,56
all,JFK,ORD,203
all,PVD,DCA,48
all,ORD,IND,403
all,SFO,SMF,392
all,ORD,PBI,174
all,FSD,ORD,418
all,KOA,SFO,112
all,SJU,ORD,184
all,LAX,MTJ,16
all,MHK,ORD,56
all,MSP,OMA,63
all,RNO,ORD,56
all,JNU,YAK,56
all,ORD,DEN,802
all,SLC,ABQ,354
all,MSP,IAD,4
all,PHX,ATL,584
all,PHX,ANC,56
all,BUF,CLE,46
all,IAH,PHX,582
all,CHS,MIA,112
all,CMH,MDW,311
all,ROC,CLT,56
all,HSV,MCO,56
all,ISP,TPA,140
all,AMA,DFW,179
all,JAN,DCA,29
all,PIT,DTW,14
all,PSG,JNU,56
all,MCI,MSP,128
all,EVV,ORD,166
all,MCI,ORD,619
all,DTW,STL,255
all,FLL,TLH,52
all,ELP,IAH,310
all,ATL,DTW,711
all,FLL,IAD,124
all,FLL,IAH,266
all,OGG,DFW,56
all,MDW,PIT,213
all,BIS,MSP,139
all,RKS,DEN,112
all,AMA,LAS,56
all,MEM,DFW,251
all,COS,MSP,56
all,OAK,HNL,56
all,ATL,DFW,1443
all,SFO,ONT,224
all,JAN,IAH,227
all,BWI,SAN,110
all,JFK,SRQ,112
all,AUS,PHX,430
all,MEM,MGM,154
all,PDX,RNO,104
all,SDF,ORD,56
all,ORD,ABQ,114
all,DFW,PBI,112
all,ABQ,SFO,56
all,CEC,SFO,104
all,TUS,PHX,576
all,DFW,CHS,168
all,DEN,DAY,112
all,FAY,DFW,112
all,EWR,TYS,50
all,DTW,DEN,450
all,FLL,MKE,46
all,BOI,DEN,420
all,SLC,TUS,164
all,SAN,STL,56
all,PHX,IAD,56
all,SLC,TUL,56
all,JFK,OAK,69
all,BMI,MCO,32
all,KOA,ORD,6
all,CVG,IAD,74
all,ATL,MTJ,56
all,BTR,MEM,112
all,DSM,PHX,112
all,COD,DEN,56
all,FNT,RSW,44
all,TPA,PHX,176
all,IAD,TPA,164
all,OKC,DFW,390
all,DTW,SFO,162
all,TPA,DAY,45
all,DCA,LAX,56
all,TXK,DFW,112
all,OMA,IAH,325
all,DCA,LAS,56
all,CIC,SFO,216
all,PHL,MSP,286
all,BWI,LAS,160
all,SYR,PHL,48
all,CAE,ORD,148
all,PHL,DTW,219
all,FLL,HPN,168
all,BWI,ISP,292
all,SAN,HNL,56
all,MBS,ORD,160
all,DEN,JFK,112
all,OMA,EWR,112
all,KTN,WRG,56
all,LAX,MEM,154
all,GRR,RSW,42
all,SHV,DFW,156
all,IAD,BDL,216
all,SFO,LIH,64
all,HNL,PDX,112
all,CVG,JFK,113
all,BWI,PHL,104
all,ORD,FNT,34
all,LAS,OKC,109
all,EGE,IAH,56
all,BNA,CMH,103
all,SNA,EWR,120
all,LAS,MSY,112
all,MEM,LAS,110
all,DFW,JAN,440
all,MDW,MHT,159
all,SLC,COD,112
all,MDW,TUS,112
all,DEN,SMF,522
all,SAN,ORD,462
all,DFW,JAX,216
all,BWI,HOU,157
all,CDV,ANC,56
all,SEA,CVG,42
all,SAN,TUS,209
all,DEN,TUS,534
all,DEN,RAP,322
all,DEN,TUL,372
all,LAX,MSP,338
all,CVG,ORD,526
all,GGG,DFW,56
all,MEM,VPS,134
all,MSP,IND,163
all,BNA,ORD,588
all,IAH,MAF,302
all,BNA,ORF,56
all,KOA,LAX,192
all,SMF,RNO,1
all,PVD,TPA,112
all,DEN,MLI,69
all,FLL,MDT,24
all,DSM,MSP,60
all,MCO,PHX,176
all,MCO,PVD,280
all,VPS,ATL,522
all,GEG,PDX,149
all,MIA,IAD,199
all,DFW,DCA,602
all,MEM,ORD,414
all,DFW,SMF,224
all,MIA,IAH,378
all,GRR,CLE,150
all,MSY,STL,56
all,DCA,MCO,586
all,TVC,ORD,257
all,TRI,ORD,112
all,BWI,DFW,326
all,LAS,RDU,56
all,SAT,IAD,98
all,LNK,ORD,212
all,CLT,SAV,120
all,JFK,SMF,32
all,CLT,SAN,56
all,PHX,BWI,288
all,BDL,MIA,112
all,DFW,JAC,24
all,STT,JFK,64
all,ANC,PDX,104
all,CMH,STL,96
all,RDU,ATL,794
all,ATL,FWA,2
all,MCI,TPA,112
all,BHM,SDF,56
all,TPA,GRR,42
all,MCO,SAT,56
all,AUS,BWI,103
all,DEN,GUC,112
all,MIA,SDF,112
all,PHL,CLE,42
all,FLL,SWF,56
all,OMA,SLC,132
all,SLC,LWS,102
all,BOS,RDU,216
all,MSP,DLH,58
all,ORD,LAS,555
all,BUR,JFK,108
all,TPA,JFK,347
all,ORD,LAX,1050
all,MSP,JFK,55
all,IAH,SMF,164
all,MEM,SLC,122
all,SAT,SFO,56
all,GSP,ORD,78
all,DEN,BNA,255
all,BDL,MCO,392
all,IND,TPA,156
all,OAK,PHX,595
all,MDW,PVD,155
all,OMA,DFW,272
all,DAL,ELP,364
all,PDX,PSP,56
all,SAN,ATL,266
all,DTW,CLT,442
all,SEA,BOS,104
all,EVV,MEM,24
all,PHX,SAT,382
all,RSW,CVG,112
all,IAD,PVD,96
all,BOI,SLC,409
all,DAL,MAF,310
all,ALB,ORD,189
all,LAS,SDF,56
all,MDW,PHL,308
all,PAH,LIT,1
all,DFW,CYS,56
all,ATL,SGF,147
all,FLL,ORD,220
all,SLC,PDX,424
all,ATL,BKG,56
all,MKE,CAK,104
all,MSP,ATL,826
all,EWR,GRR,88
all,CMH,DFW,272
all,OGG,HNL,1720
all,BNA,CLT,354
all,RNO,PHX,393
all,OAK,SNA,371
all,ORD,BOS,938
all,STT,PHL,56
all,ORF,TPA,56
all,GRB,MQT,48
all,DAL,OKC,256
all,SNA,ATL,258
all,STT,SJU,25
all,EWR,RDU,153
all,MSO,DEN,164
all,DFW,COS,278
all,LIT,MDW,56
all,SJU,BOS,191
all,LAX,SAF,56
all,AUS,ELP,198
all,ORD,SLC,494
all,LGA,MCO,456
all,DTW,DFW,325
all,CLE,STL,100
all,DCA,DTW,359
all,AUS,DFW,820
all,BUR,OAK,680
all,SEA,SJC,381
all,GEG,SLC,356
all,SEA,MSP,384
all,BNA,MSY,158
all,DCA,DEN,223
all,BOS,MDW,265
all,BWI,DEN,405
all,STL,CLT,208
all,MYR,EWR,40
all,MIA,RIC,112
all,MSP,GRR,157
all,ORD,SBN,316
all,GJT,DFW,150
all,LEX,IAH,92
all,DTW,MHT,54
all,KOA,OGG,118
all,PHX,CLT,392
all,LAX,EWR,374
all,CLT,GSO,112
all,CID,DEN,94
all,LAS,PIT,112
all,BDL,EWR,27
all,FCA,SLC,166
all,SAV,DFW,112
all,WRG,PSG,56
all,LAX,MDW,267
all,SEA,GEG,280
all,BHM,ATL,582
all,PHL,JAX,212
all,OKC,MEM,48
all,ATL,GPT,278
all,MSP,ABQ,56
all,BHM,BNA,112
all,EWR,SDF,144
all,ABE,FLL,26
all,LSE,ORD,56
all,IND,LAX,36
all,ISP,MDW,152
all,IND,LAS,112
all,HOU,STL,200
all,DEN,GTF,108
all,CAK,RSW,44
all,CLE,BTV,40
all,FLL,STL,56
all,IAD,PWM,143
all,IAH,CAE,94
all,DAY,MSP,60
all,STL,LAX,275
all,DFW,GRK,234
all,EWR,SJU,56
all,LAX,OAK,739
all,AUS,CLT,160
all,MSP,CLE,247
all,RDM,SFO,164
all,LAX,MRY,328
all,FLL,SFO,32
all,MIA,MSY,168
all,SFO,JFK,1026
all,MKE,SFO,56
all,CMH,IAH,115
all,IAH,IND,221
all,CVG,MKE,48
all,AUS,DTW,28
all,BNA,FLL,112
all,CMH,IAD,146
all,MRY,DEN,56
all,PHX,SBA,254
all,FLL,LAS,56
all,KOA,HNL,1268
all,AUS,DAL,610
all,LAS,SEA,610
all,CLT,SRQ,50
all,DTW,OKC,106
all,IAH,EWR,603
all,JAX,LAS,56
all,DEN,MSN,186
all,DEN,MSP,900
all,MEM,MKE,60
all,DEN,MSY,311
all,ATL,CLE,412
all,DEN,MAF,112
all,IAD,SAN,168
all,JFK,SLC,276
all,DFW,SPS,50
all,HNL,SLC,56
all,ATL,ATW,56
all,SAV,IAD,132
all,JNU,SIT,112
all,DFW,BHM,168
all,CLT,MHT,32
all,PHX,LAS,1377
all,MKE,STL,160
all,ATL,STT,84
all,ATL,STX,10
all,MDW,RDU,158
all,COS,ATL,56
all,PHX,ELP,586
all,ATL,STL,576
all,MSN,ATL,56
all,SLC,SAT,152
all,PIT,CLT,460
all,SLC,SAN,270
all,JAN,MCO,56
all,AEX,ATL,260
all,SLC,TWF,225
all,PIT,SFO,56
all,OGG,SFO,120
all,BWI,TPA,482
all,MSP,EGE,4
all,LGB,SMF,112
all,ORD,AVP,220
all,ALB,LAS,56
all,GSO,IAD,126
all,EWR,ORD,1051
all,ATL,BZN,12
all,ATL,TUL,110
all,ATL,TUS,104
all,AUS,HOU,256
all,LAS,MCO,112
all,LAS,MCI,215
all,MIA,JAX,112
all,LAS,PHL,328
all,DCA,MSP,277
all,IAD,ABQ,56
all,BWI,DAY,140
all,SAN,DTW,52
all,BOS,SJC,34
all,CMH,RSW,100
all,LAX,CVG,130
all,DEN,EGE,276
all,DCA,MSN,28
all,ABQ,HOU,152
all,MSP,LEX,32
all,BUF,PHX,56
all,ORD,PSP,88
all,BZN,MSP,58
all,RSW,LGA,154
all,CLE,ORD,717
all,PVD,PHL,395
all,BDL,FLL,280
all,LAX,MCI,103
all,LAX,MCO,248
all,BWI,JAX,318
all,JFK,MSY,147
all,BWI,JAN,56
all,BUF,MCO,314
all,LAX,TPA,52
all,FLL,ATL,1224
all,LAS,TPA,104
all,SJC,ORD,112
all,MDW,ORF,104
all,DEN,FAR,215
all,EUG,PDX,212
all,ECP,ATL,438
all,PIT,MIA,112
all,MIA,STT,112
all,MEM,BWI,90
all,DEN,GEG,307
all,CHS,CLT,248
all,FAI,SCC,28
all,MIA,STX,62
all,ATL,EYW,168
all,MIA,STL,168
all,ATL,ROC,276
all,DEN,IND,323
all,ATL,ROA,214
all,MSP,MIA,168
all,MKE,SEA,55
all,JFK,ATL,372
all,GEG,PHX,112
all,MCO,JFK,916
all,MEM,XNA,152
all,DFW,SAF,112
all,LGA,EGE,8
all,ORD,BTV,184
all,CLT,MIA,584
all,MKE,DEN,330
all,DFW,DAY,160
all,FLL,RIC,56
all,CMH,TPA,112
all,LGB,ORD,56
all,ABQ,LBB,56
all,BOS,FLL,360
all,BWI,SDF,158
all,BOS,ATL,793
all,SGF,DFW,434
all,ELP,HOU,156
all,ROC,TPA,50
all,DTW,MEM,220
all,MEM,RDU,52
all,SLC,EWR,102
all,SAN,PHL,112
all,ABQ,ELP,56
all,ONT,SMF,415
all,ATL,CSG,212
all,SAN,PHX,966
all,DFW,MGM,160
all,DTW,GSP,17
all,HPN,TPA,56
all,LAS,STL,168
all,MEM,TPA,108
all,SFO,MIA,168
all,MLB,ATL,224
all,DTW,MSN,67
all,BOI,PDX,104
all,HOU,JAN,160
all,CLE,GRB,90
all,DTW,MSY,80
all,COS,ORD,228
all,HOU,JAX,56
all,JAN,DTW,50
all,SMF,SNA,326
all,BDL,PHL,48
all,SAT,DTW,75
all,HOU,DEN,326
all,MHT,EWR,208
all,ATL,SEA,321
all,SFO,PHL,264
all,ANC,OTZ,84
all,RDU,CLT,466
all,MKE,BOS,228
all,OGG,SEA,168
all,IAH,MSP,338
all,LGB,SLC,438
all,MIA,JFK,664
all,MCI,MCO,194
all,MSP,TPA,181
all,DEN,BHM,56
all,MLU,MEM,100
all,RNO,LAX,488
all,CMH,JFK,112
all,HPN,MCO,260
all,MSN,MSP,148
all,JAX,MEM,32
all,MSP,RSW,213
all,MSP,RST,37
all,SAT,DFW,826
all,PHX,HNL,152
all,DEN,MOT,108
all,SMF,IAD,56
all,LAS,SFO,966
all,ATL,CAE,578
all,IAD,SLC,56
all,SAN,IAH,318
all,JFK,SYR,189
all,PDX,EWR,56
all,MCI,OAK,56
all,ATL,BMI,370
all,JNU,KTN,56
all,CAK,LGA,111
all,MCO,MLI,32
all,DEN,SJC,404
all,BNA,MCO,270
all,BNA,MCI,159
all,DAL,IAH,295
all,FLL,IND,56
all,ABQ,SEA,111
all,ATL,MCO,1393
all,CLE,TPA,80
all,ATL,MCI,560
all,SLC,OKC,160
all,EGE,JFK,56
all,SLC,MSP,261
all,CLE,MDW,320
all,SLC,MSY,56
all,BOS,LGB,35
all,PHL,BUF,72
all,SLC,RDM,108
all,ORD,OMA,454
all,CHS,ATL,380
all,HOU,OKC,206
all,MCI,EWR,248
all,SEA,OAK,511
all,CLE,CLT,321
all,MIA,MCO,448
all,ONT,SLC,238
all,MSP,SJU,8
all,MCO,TYS,32
all,DTW,MDW,315
all,LAX,IYK,146
all,BOS,CAK,56
all,HOU,MDW,311
all,LAS,LBB,56
all,PSP,SFO,328
all,SMF,ORD,112
all,ONT,DEN,272
all,DEN,JAC,172
all,ATL,OAJ,212
all,DAL,LIT,316
all,COS,LAX,152
all,DFW,GSO,112
all,IAH,LFT,382
all,BHM,MDW,100
all,IAH,RIC,108
all,ORD,MIA,593
all,EWR,CLT,821
all,PHX,DFW,838
all,LEX,MCO,32
all,ICT,MEM,50
all,LAS,HNL,136
all,FLL,SJU,135
all,BNA,LAS,112
all,ACY,ATL,112
all,BNA,LAX,160
all,SJU,PHL,256
all,ABE,MCO,44
all,SEA,LAX,732
all,PHL,IND,64
all,DCA,BUF,24
all,DFW,ELP,434
all,MSP,ANC,56
all,MKE,MSP,458
all,SAN,LAX,1700
all,CHA,DFW,56
all,MKE,MSY,56
all,BNA,CVG,12
all,SJC,PDX,312
all,BFL,LAX,100
all,DAY,MCO,56
all,BOI,SEA,108
all,BTV,IAD,138
all,CWA,EAU,48
all,ATL,HDN,56
all,ORD,BUF,460
all,PIT,IAD,126
all,CVG,MEM,1
all,IND,PHX,212
all,HOU,SAT,257
all,DTW,LAS,316
all,FLL,LGB,50
all,FLL,LGA,610
all,EWR,XNA,80
all,DFW,PNS,276
all,BNA,DTW,263
all,DEN,OAK,309
all,IAH,GUC,42
all,BUF,JFK,368
all,ABQ,STL,56
all,DTW,GRB,27
all,IAH,PBI,206
all,DAL,MSY,369
all,LAX,YUM,268
all,FLL,ISP,168
all,SAN,SJC,479
all,AUS,MDW,103
all,JNU,ANC,168
all,ATL,ABQ,112
all,ANC,SCC,40
all,DEN,MCO,503
all,DCA,ORD,1055
all,FLL,MSY,104
all,CMI,DFW,56
all,MCO,SLC,100
all,IAH,DCA,408
all,SDF,STL,97
all,DFW,CLT,786
all,BOS,JFK,663
all,PHL,DFW,578
all,MCO,CVG,162
all,DEN,HDN,224
all,ATL,FNT,345
all,ATL,ORD,1039
all,IAH,MTJ,60
all,ORD,EGE,64
all,SAN,SFO,880
all,MKE,PHX,352
all,CHS,IAD,180
all,IND,RSW,172
all,AUS,BNA,104
all,ABQ,LAS,263
all,COS,IAH,258
all,DEN,EUG,96
all,ASE,IAH,56
all,CVG,PHL,32
all,JFK,RDU,371
all,DEN,BIS,208
all,CVG,PHX,56
all,LAS,MAF,56
all,STL,LGA,206
all,PNS,MIA,112
all,MSP,LGA,545
all,BWI,STL,203
all,SBP,LAX,326
all,GSP,DFW,216
all,ATL,MLI,222
all,SBA,LAX,706
all,ATL,MLU,158
all,PSP,SEA,152
all,BOS,STL,112
all,CLT,FLL,448
all,PHX,MSP,676
all,LGA,PHL,52
all,BIL,DEN,220
all,CLE,DAY,96
all,ORD,MHT,64
all,DEN,RSW,32
all,DFW,TUL,446
all,BOI,OAK,106
all,DFW,TUS,419
all,SDF,MSP,76
all,SLC,CVG,112
all,AUS,SLC,96
all,ABQ,BWI,56
all,TUL,ORD,434
all,PHL,MEM,63
all,DTW,SLC,224
all,ATL,BNA,386
all,AUS,BOS,56
all,SEA,JFK,228
all,LAS,OGG,16
all,MCO,MSP,325
all,JFK,PBI,408
all,CLT,PVD,248
all,MCO,MSY,224
all,RDU,ORD,443
all,MCI,SAN,103
all,RNO,SAN,109
all,FWA,CVG,2
all,IND,MDW,159
all,DEN,FCA,56
all,AVL,EWR,52
all,SLC,LAX,759
all,LGA,ORD,1618
all,SLC,LAS,789
all,SNA,PHX,808
all,PHL,IAH,250
all,XNA,IAH,170
all,PDX,SMF,314
all,MEM,ECP,101
all,PIA,DEN,50
all,ALB,TPA,56
all,TUL,LAX,35
all,PHL,RSW,248
all,BWI,MDW,312
all,MSP,MOT,202
all,PIT,MSP,28
all,OAK,OGG,32
all,MEM,PNS,69
all,DTW,IND,168
all,MCO,DFW,544
all,CLT,LGA,770
all,AUS,DEN,358
all,ORD,BDL,382
all,LAX,HNL,784
all,CLT,IAD,453
all,RNO,DEN,285
all,BOS,SFO,374
all,DTW,MCI,130
all,LAN,ORD,195
all,EWR,PIT,128
all,DFW,FWA,112
all,LEX,DTW,4
all,LIT,IAH,306
all,FAI,ANC,410
all,IAH,SDF,177
all,BDL,LAS,56
all,SIT,KTN,56
all,ORD,RAP,56
all,CLE,SJU,12
all,ATL,HSV,522
all,MSP,FLL,125
all,STL,IAH,159
all,GJT,PHX,144
all,DAL,TUL,256
all,DFW,MAF,168
all,MIA,CVG,224
all,HOU,LAX,208
all,IAD,JAX,183
all,BNA,SLC,56
all,CAK,TPA,56
all,DTW,PHX,448
all,LEX,ORD,322
all,ISP,MCO,224
all,MDW,PHX,363
all,DEN,LNK,160
all,ALB,ATL,113
all,RSW,ATL,676
all,LGA,BOS,1732
all,BFL,DEN,56
all,ATL,MSY,800
all,MKE,PIT,168
all,MEM,CLE,54
all,CVG,DFW,294
all,MKE,PIE,52
all,DEN,ATL,838
all,MCO,SYR,80
all,CLT,FAY,50
all,SLC,MCI,152
all,PHX,TEX,104
all,DFW,RAP,56
all,RSW,CLT,355
all,BNA,SAN,56
all,JFK,ORF,56
all,EWR,MEM,185
all,IAH,SAT,556
all,BNA,SAT,103
all,MEM,SHV,154
all,BUF,MDW,166
all,RSW,CLE,105
all,MKE,RSW,166
all,HOU,TPA,214
all,ROW,DFW,160
all,BWI,ROC,112
all,IAH,GRR,108
all,HLN,MSP,2
all,GPT,IAH,254
all,IAD,SJU,152
all,MIA,BNA,168
all,CLE,MSY,34
all,SAN,PDX,168
all,STL,SLC,57
all,SFO,RNO,308
all,EGE,ATL,56
all,IND,SRQ,44
all,CLE,ORF,56
all,ORD,HSV,212
all,MEM,LFT,112
all,JAX,TPA,155
all,BWI,RSW,248
all,DFW,RSW,168
all,CVG,LAS,88
all,SLC,PHL,98
all,DFW,CAE,168
all,AUS,TPA,56
all,HOU,MCO,219
all,BOS,DCA,1567
all,SLC,PHX,975
all,DFW,JFK,57
all,CLT,PWM,56
all,BTV,MCO,56
all,JFK,CLE,56
all,LAS,SJC,432
all,BUR,DEN,112
all,BOI,SFO,224
all,ATL,SYR,123
all,BUF,EWR,65
all,DFW,CSG,112
all,DTW,ABE,4
all,GEG,MSP,104
all,DFW,TYR,110
all,MSY,LAX,200
all,ATL,XNA,230
all,CLE,RIC,134
all,ORD,SPI,258
all,FNT,TPA,44
all,PHX,TUL,109
all,IND,MIA,112
all,LGA,ATL,1615
all,ANC,HNL,56
all,MKE,MCO,372
all,DCA,STL,352
all,ORD,OKC,409
all,PHX,EWR,348
all,MCO,PSE,56
all,ATL,UTM,32
all,MDW,DEN,672
all,CLE,PBI,56
all,CLE,DFW,346
all,ONT,PHX,702
all,DTW,ORF,56
all,DTW,ORD,877
all,DCA,RDU,382
all,SFO,BUR,280
all,PSE,JFK,46
all,SAN,SMF,586
all,RNO,DFW,150
all,FAI,BRW,56
all,DTW,TUL,102
all,ANC,BET,160
all,ATL,MOB,440
all,ORD,SFO,838
all,GRR,MCO,56
all,SLC,DEN,1218
all,BHM,ORD,160
all,EWR,BQN,54
all,LIT,EWR,48
all,DEN,PHL,406
all,SHV,IAH,124
all,DEN,PHF,24
all,DEN,PHX,1381
all,SFO,GEG,112
all,PHL,TPA,442
all,SNA,MSP,146
all,EWR,MSP,272
all,ORF,MIA,112
all,AUS,FLL,112
all,DAL,MCI,521
all,BNA,IAD,140
all,CLE,DTW,2
all,BOI,ORD,69
all,BNA,IAH,352
all,BZN,ORD,83
all,BPT,IAH,2
all,SLC,BZN,220
all,MDW,SLC,108
all,SFO,SEA,710
all,EWR,SFO,328
all,BNA,LGA,212
all,AVL,IAH,48
all,SJC,PHX,577
all,GTF,SLC,152
all,AUS,ATL,310
all,SJU,ATL,364
all,MDW,SNA,56
all,ATL,IAH,696
all,DEN,LAX,1383
all,SEA,KOA,80
all,DEN,GJT,341
all,DEN,LAS,1221
all,PDX,SNA,224
all,STL,DEN,354
all,CVG,SFO,48
all,RNO,SJC,157
all,ATL,PVD,158
all,CVG,BWI,24
all,FLL,LEX,24
all,MKE,ATL,556
all,DFW,GPT,168
all,SAT,ORD,229
all,FAR,ORD,357
all,MIA,BOS,392
all,EWR,MTJ,14
all,HNL,SFO,372
all,PHX,ABQ,744
all,ATL,LFT,156
all,MEM,MOB,160
all,BWI,GRR,111
all,ATL,HPN,324
all,SAN,EWR,160
all,LAX,FLL,48
all,ONT,SJC,261
all,DEN,MEM,158
all,MKE,TPA,136
all,DFW,ABI,382
all,RIC,DFW,166
all,IAH,DAY,108
all,BWI,MCI,103
all,CLE,PVD,92
all,BWI,MCO,673
all,ATL,DHN,214
all,RDU,STL,56
all,MRY,PHX,116
all,PBI,DCA,164
all,IAD,SYR,193
all,BUR,DFW,208
all,DFW,CRP,434
all,MCO,RDU,168
all,DFW,LRD,216
all,SJC,ATL,46
all,LAX,DTW,301
all,DFW,ABQ,444
all,SYR,CLT,160
all,BMI,ORD,112
all,BNA,HOU,205
all,BMI,RSW,14
all,JFK,LAS,548
all,HSV,DEN,90
all,CLT,STT,64
all,JFK,LAX,1395
all,ORD,GRB,488
all,SFO,MFR,300
all,DEN,OGG,28
all,SAT,TPA,56
all,ORD,PNS,72
all,CVG,DEN,62
all,COS,SLC,108
all,HSV,IAD,104
all,ATL,TYS,384
all,BUF,TPA,92
all,CHA,ATL,518
all,DAL,STL,413
all,ICT,IAH,234
all,MCI,MDW,488
all,FLL,PVD,120
all,FLL,MCO,275
all,BWI,SRQ,44
all,FLL,MCI,56
all,ATL,ONT,56
all,GUM,SPN,2
all,MCO,PWM,64
all,ORD,SEA,633
all,MSP,LAS,368
all,BUR,SMF,405
all,BUF,ATL,436
all,SLC,IDA,264
all,DEN,PIT,96
all,PHL,MIA,360
all,IAH,HSV,142
all,ADQ,ANC,104
all,AMA,IAH,198
all,ABQ,MAF,56
all,SLC,SEA,534
all,AUS,LBB,94
all,MEM,SEA,36
all,BHM,MSY,101
all,PSC,SLC,224
all,ORD,HPN,172
all,BWI,PBI,248
all,LAX,ATL,722
all,FLL,TPA,426
all,DAB,CLT,98
all,CMH,EWR,169
all,IAD,ATL,769
all,CAK,ATL,529
all,MDW,ONT,56
all,PHX,PVD,56
all,LAS,OAK,439
all,LCH,IAH,54
all,OGG,PHX,56
all,SEA,DTW,160
all,DEN,SGF,69
all,BHM,BWI,152
all,MCI,DFW,436
all,HOU,SAN,104
all,ORD,MTJ,72
all,BOS,CLT,619
all,SEA,JNU,112
all,BUR,LAS,652
all,PIT,PHX,170
all,DCA,JAX,100
all,EWR,SYR,22
all,MQT,TVC,48
all,CRP,HOU,248
all,MEM,PHX,212
all,CLT,PBI,336
all,IND,CLT,80
all,IAH,RSW,150
all,BTM,SLC,104
all,EWR,DFW,544
all,MKE,ORD,450
all,IAH,BHM,302
all,IND,CLE,39
all,LIT,ATL,440
all,FAT,SLC,152
all,MIA,DEN,176
all,BWI,FLL,420
all,TPA,CVG,112
all,RKS,SLC,112
all,SEA,HNL,248
all,SNA,DEN,637
all,MYR,CLT,204
all,GJT,LAX,1
all,DCA,MEM,146
all,MHT,PHL,251
all,RSW,STL,56
all,SJC,HNL,56
all,MHT,PHX,56
all,MKE,IND,160
all,MSP,RAP,184
all,LGA,PBI,320
all,ALB,CLE,64
all,CLT,MCO,548
all,CLT,MCI,160
all,MIA,EWR,448
all,EGE,DFW,136
all,ALB,CLT,112
all,DFW,SEA,547
all,HOU,PHX,205
all,SJC,DFW,318
all,HOU,PHL,56
all,PSC,DEN,160
all,MHT,TPA,113
all,OGG,ANC,24
all,MDW,SMF,56
all,ATL,EWN,112
all,ATL,EWR,824
all,ICT,ORD,410
all,SJC,MSP,96
all,BOI,PHX,112
all,GSO,ATL,300
all,FLL,PIT,88
all,CRW,ORD,206
all,BOS,RSW,392
all,LAS,ATL,585
all,IPL,LAX,77
all,BHM,PHX,56
all,OAK,RNO,157
all,STL,SFO,56
all,DCA,BNA,253
all,ORD,CID,313
all,IAD,MCO,446
all,CLT,JFK,307
all,IAH,CHS,120
all,ATL,PWM,81
all,MSP,DTW,466
all,FAT,PHX,232
all,LIT,PIT,6
all,SJU,MIA,448
all,OKC,EWR,48
all,MSP,SFO,316
all,ALB,DTW,4
all,SLC,SFO,518
all,IAD,AUS,73
all,ATL,TLH,500
all,AUS,SAN,104
all,BUF,RSW,70
all,MEM,GPT,136
all,CMH,ATL,478
all,ATL,BQK,140
all,DEN,DFW,1025
all,ADK,ANC,16
all,DFW,HDN,64
all,HOU,MAF,99
all,AUS,JFK,179
all,DEN,SFO,839
all,DFW,LAS,711
all,ABQ,MDW,111
all,MCO,RSW,224
all,PHL,PHX,392
all,MCO,ORF,112
all,MDW,OAK,111
all,MCO,ORD,550
all,MSY,TPA,160
all,DFW,AEX,168
all,ABQ,SAN,111
all,CAE,IAD,188
all,MKE,LAX,116
all,ORD,LIT,381
all,ORD,XNA,482
all,GEG,OAK,107
all,CHA,DTW,23
all,SAV,ATL,512
all,MSO,SLC,238
all,MEM,PIT,4
all,PIT,ORD,491
all,EWR,DEN,246
all,HRL,IAH,258
all,IAD,DAY,174
all,BDL,MSP,62
all,MIA,DFW,560
all,SFO,BWI,56
all,HRL,SAT,96
all,BOS,SAN,56
all,EWR,JAX,220
all,OTZ,OME,84
all,DEN,CPR,208
all,IND,EWR,178
all,CLE,RDU,22
all,BWI,SAT,103
all,ATL,MIA,944
all,MIA,DTW,274
all,SGF,MEM,58
all,PDX,LMT,56
all,MCO,SEA,112
all,DCA,MKE,317
all,ATL,OMA,210
all,FLL,MDW,224
all,CLE,DCA,158
all,BUR,SLC,158
all,CLT,ATL,1043
all,DEN,PDX,632
all,SJU,TPA,56
all,MCI,OKC,101
all,SAT,ATL,579
all,MEM,OMA,86
all,BWI,MSY,150
all,IAH,TPA,266
all,STX,CLT,8
all,BWI,OKC,56
all,LAS,PSP,168
all,BNA,CLE,104
all,MDW,SRQ,112
all,IND,LGA,108
all,RDU,TPA,158
all,MSN,CLE,48
all,ATL,EVV,158
all,ORF,EWR,84
all,HPN,RSW,101
all,BOS,PIT,128
all,ECP,MCO,112
all,JAX,DTW,112
all,PHL,RDU,392
all,ATL,ICT,276
all,ATL,PHF,435
all,CMH,FLL,44
all,SLC,RNO,322
all,ORD,OGG,6
all,LIH,OGG,28
all,MEM,IAH,278
all,BOS,TPA,260
all,IAH,MFE,248
all,TUS,ORD,112
all,BWI,LIT,56
all,MEM,JAN,160
all,KTN,SEA,168
all,HOU,TUL,193
all,IAH,ONT,112
all,MLI,ORD,161
all,PDX,PHX,598
all,JFK,STL,56
all,IAD,OAK,24
all,PDX,OTH,56
all,MKE,OMA,160
all,IAH,PNS,226
all,MKE,IAH,242
all,ATL,HNL,56
all,BDL,BWI,382
all,ATL,CVG,376
all,JFK,SJC,40
all,MEM,TUL,67
all,CLT,ORF,204
all,STL,CVG,26
all,SAT,CLT,158
all,SLC,CDC,96
all,OKC,LAX,56
all,JFK,SJU,538
all,FAY,ATL,482
all,DFW,ORF,112
all,MEM,MSY,108
all,GSO,EWR,203
all,BDL,MDW,109
all,LAS,SMF,430
all,MEM,MSP,222
all,GCC,SLC,56
all,AVL,MCO,24
all,ALB,BWI,251
all,DEN,OKC,360
all,PHX,LGB,209
all,SFO,MRY,330
all,SUN,SLC,392
all,LAX,SFO,1991
all,ATL,SHV,256
all,SAT,JFK,1
all,SFO,OTH,112
all,GRB,DFW,2
all,SLC,MFR,104
all,CVG,DCA,30
all,BUF,LAS,84
all,DFW,MLI,104
all,PDX,RDM,164
all,DCA,PHL,76
all,DFW,MLU,18
all,PBI,TPA,201
all,SFO,PSC,112
all,FLL,PHL,448
all,FLL,RDU,112
all,MSP,BWI,128
all,ABQ,DEN,394
all,ITO,OGG,56
all,DFW,RDU,278
all,IAH,JAX,262
all,ORD,CHA,104
all,CAK,MCO,95
all,IAD,MDW,304
all,FLL,MEM,80
all,LAS,LIT,56
all,AUS,EWR,134
all,DTW,TPA,321
all,PHX,RDU,56
all,DEN,CAK,72
all,PVD,EWR,216
all,SGF,ORD,325
all,ATL,MHT,35
all,TUL,MIA,4
all,DFW,TYS,269
all,ATL,BDL,318
all,ATL,SDF,404
all,EGE,LAX,56
all,CMH,LAS,112
all,SLC,DFW,392
all,LEX,DFW,168
all,PHX,KOA,56
all,SLC,SNA,316
all,DTW,BOS,302
all,IAH,SJC,127
all,GRR,ORD,284
all,LGB,SEA,152
all,MSP,TYS,33
all,CLE,GSP,48
all,MCI,PDX,56
all,IAH,SJU,60
all,JFK,BWI,56
all,BWI,LGA,163
all,BDL,TPA,168
all,OMA,DEN,399
all,CRW,ATL,259
all,DCA,SEA,112
all,AUS,OAK,56
all,DFW,LFT,168
all,DEN,SEA,827
all,IAD,IND,107
all,RNO,SEA,56
all,DTW,LGA,737
all,BDL,CLE,4
all,BNA,PHL,104
all,ATL,PIT,640
all,BDL,CLT,264
all,MHT,CLE,134
all,ORD,RSW,168
all,IAH,BTR,237
all,CLT,PNS,120
all,BUF,IAD,220
all,MSP,PSP,4
all,LAS,OMA,112
all,ABQ,MCI,56
all,ABQ,MCO,56
all,MSP,PSC,56
all,LAS,IAD,141
all,EKO,SLC,216
all,ORD,MDT,312
all,OGG,PDX,112
all,LAS,IAH,383
all,LIT,PHX,56
all,DEN,COS,604
all,HOU,HRL,358
all,HNL,DEN,64
all,DFW,FSM,112
all,ACT,DFW,100
all,HLN,SLC,152
all,DFW,FSD,112
all,ATL,HOU,444
all,GSP,IAH,104
all,BDL,PBI,56
all,GSP,IAD,92
all,BHM,TPA,104
all,LAX,PDX,470
all,SFO,CLE,56
all,ATL,LWB,56
all,CMH,MCO,212
all,LAX,IAD,570
all,LAX,IAH,483
all,AUS,MCO,112
all,PDX,MSP,160
all,SFO,CLT,168
all,XNA,DTW,2
all,DRO,PHX,112
all,CVG,DTW,108
all,BHM,LAS,56
all,BWI,SLC,156
all,DFW,MSY,336
all,GNV,ATL,364
all,RSW,DTW,268
all,DFW,MSN,150
all,OME,ANC,84
all,BHM,MCO,112
all,BOI,RNO,105
all,BOS,PHL,1162
all,DAY,ORD,386
all,BOS,PHF,56
all,BOS,PHX,288
all,HPN,PBI,272
all,MKE,EWR,144
all,CLT,MSP,245
HA,HNL,LIH,940
HA,LAS,OGG,16
HA,SFO,HNL,56
HA,SJC,HNL,56
HA,PDX,HNL,56
HA,ITO,OGG,56
HA,PDX,OGG,56
HA,OGG,HNL,1344
HA,SMF,HNL,56
HA,OAK,HNL,56
HA,LAX,HNL,112
HA,PHX,HNL,56
HA,ITO,HNL,768
HA,KOA,HNL,956
HA,SEA,HNL,80
HA,SAN,HNL,56
HA,SEA,OGG,56
HA,LIH,OGG,28
HA,KOA,OGG,112
HA,LAS,HNL,136
CO,EWR,CLT,134
CO,CLE,BOS,8
CO,SNA,IAH,252
CO,IAH,SMF,164
CO,PHX,EWR,180
CO,IAH,HDN,56
CO,IAH,MSP,56
CO,CLE,PBI,20
CO,HNL,GUM,56
CO,IAH,EWR,603
CO,PDX,IAH,168
CO,CLE,ORD,55
CO,EWR,BOS,408
CO,IAH,GUC,42
CO,IAH,TUL,48
CO,OKC,IAH,56
CO,ORD,EWR,346
CO,IAH,PIT,112
CO,ORD,FLL,52
CO,IAH,TUS,20
CO,DEN,FLL,24
CO,LAS,EWR,300
CO,SEA,IAH,295
CO,MCO,IAH,324
CO,PHL,IAH,250
CO,CLE,SJU,12
CO,SFO,IAH,368
CO,OMA,IAH,77
CO,ABQ,IAH,33
CO,DEN,IAH,460
CO,BOS,IAH,242
CO,MIA,EWR,280
CO,AUS,EWR,134
CO,EWR,DEN,170
CO,IND,EWR,2
CO,EWR,SAT,92
CO,EWR,JAX,20
CO,MSY,IAH,556
CO,EWR,SFO,272
CO,CLE,MCO,156
CO,EWR,BQN,54
CO,LAS,CLE,130
CO,IAH,PBI,80
CO,IAH,SJC,127
CO,IAH,RSW,128
CO,MCI,IAH,29
CO,IAH,MIA,210
CO,ATL,IAH,100
CO,DTW,IAH,196
CO,IAH,SJU,60
CO,EGE,IAH,56
CO,IAH,IAD,156
CO,DEN,LAS,24
CO,SNA,EWR,120
CO,IAH,ORD,518
CO,SEA,EWR,128
CO,IAH,CLE,330
CO,LAS,SFO,24
CO,CLE,PHX,80
CO,MIA,CLE,20
CO,LAX,HNL,112
CO,EWR,DFW,234
CO,SAN,IAH,318
CO,PDX,EWR,56
CO,IAH,DCA,408
CO,CLE,DEN,88
CO,IAH,TPA,266
CO,RNO,IAH,24
CO,EWR,MTJ,14
CO,LGA,IAH,414
CO,LGA,CLE,64
CO,IAH,SAT,412
CO,EWR,TPA,310
CO,FLL,EWR,408
CO,RSW,CLE,105
CO,CLE,TPA,78
CO,IAH,MTJ,44
CO,ORD,PBI,24
CO,EWR,EGE,56
CO,LAX,OGG,40
CO,SAN,EWR,160
CO,LAX,EWR,320
CO,ANC,SEA,80
CO,LAS,IAH,383
CO,DFW,IAH,108
CO,EWR,MSY,96
CO,IAH,CLT,62
CO,IAH,PHX,262
CO,ATL,EWR,112
CO,IAH,MFE,168
CO,RDU,IAH,102
CO,SFO,CLE,56
CO,LAX,IAH,483
CO,IAH,ONT,112
CO,ELP,IAH,33
CO,HNL,EWR,56
CO,STT,EWR,64
CO,MCO,EWR,492
CO,FLL,IAH,266
CO,GUM,SPN,2
CO,FLL,CLE,101
CO,EWR,PBI,388
CO,EWR,SJU,56
CO,CLE,EWR,318
CO,CLE,DFW,14
CO,AUS,IAH,416
CO,HDN,EWR,8
CO,IAH,BWI,202
CO,CMH,IAH,25
CO,IAH,IND,82
CO,EWR,RSW,185
CO,IAH,HNL,56
CO,SLC,IAH,112
CO,LAX,CLE,108
UA,PIT,DEN,92
UA,IAD,AUS,24
UA,ORD,LAS,275
UA,MSP,ORD,240
UA,ORD,HNL,56
UA,ORD,SEA,276
UA,LGA,ORD,758
UA,MSY,DEN,123
UA,DEN,SNA,214
UA,DTW,ORD,64
UA,ORD,CVG,48
UA,LIH,LAX,64
UA,DEN,MSP,166
UA,PHX,IAD,56
UA,DEN,SFO,494
UA,BOS,DEN,168
UA,OKC,DEN,89
UA,KOA,ORD,6
UA,DFW,LAX,2
UA,DEN,FSD,80
UA,ROC,ORD,56
UA,ORD,SFO,512
UA,ICT,DEN,52
UA,MCO,ORD,326
UA,IAD,SAN,168
UA,ORD,BDL,164
UA,CMH,DEN,66
UA,ALB,ORD,83
UA,IAD,TPA,164
UA,DEN,PHL,108
UA,KOA,DEN,8
UA,ABQ,DEN,33
UA,JFK,LAX,327
UA,RNO,DEN,123
UA,BOS,SFO,270
UA,SFO,LAX,798
UA,ORD,PVD,90
UA,GRR,ORD,68
UA,DEN,IAD,414
UA,SFO,IAD,417
UA,LAX,DEN,460
UA,DEN,IAH,44
UA,PIT,LAX,56
UA,LAX,BWI,56
UA,SFO,PHL,96
UA,PIT,ORD,140
UA,EWR,DEN,76
UA,MCI,DEN,112
UA,IAD,SJU,96
UA,ORD,STT,8
UA,IAD,MIA,35
UA,MCI,ORD,8
UA,BOI,ORD,12
UA,ORD,RIC,56
UA,DEN,BZN,56
UA,SFO,BWI,56
UA,MSY,IAD,90
UA,ORD,BOS,360
UA,SNA,SFO,190
UA,JAC,ORD,54
UA,DEN,SLC,82
UA,SFO,SEA,308
UA,EWR,SFO,56
UA,DEN,OAK,98
UA,IAD,BDL,136
UA,SFO,LIH,64
UA,DEN,LGA,250
UA,ATL,IAD,14
UA,PIT,SFO,56
UA,LAX,ORD,554
UA,OGG,SFO,120
UA,PDX,SFO,146
UA,IAD,STT,17
UA,IAH,ORD,88
UA,EGE,DEN,112
UA,IAH,IAD,24
UA,ORD,PDX,244
UA,PSP,DEN,32
UA,SMF,IAD,56
UA,LAS,SFO,311
UA,LAS,LAX,207
UA,MIA,DEN,64
UA,DCA,ORD,582
UA,SFO,MSY,23
UA,DFW,DEN,185
UA,SAN,ORD,238
UA,LAX,HNL,176
UA,DEN,BOI,64
UA,DEN,SEA,248
UA,JFK,SFO,384
UA,SFO,SLC,24
UA,ORD,BWI,198
UA,DEN,LIH,8
UA,IAD,ABQ,56
UA,BUF,ORD,72
UA,SJC,DEN,127
UA,MCO,SFO,56
UA,LAX,MSY,56
UA,SFO,DFW,66
UA,IAD,DFW,84
UA,BWI,DEN,198
UA,IAD,ORD,386
UA,KOA,LAX,80
UA,JAX,ORD,71
UA,HNL,SFO,212
UA,ATL,ORD,80
UA,BOS,IAD,273
UA,ORD,PHL,212
UA,ORD,SJU,72
UA,SMF,DEN,158
UA,MSP,SFO,56
UA,EWR,ORD,315
UA,OGG,LAX,112
UA,LAS,IAD,141
UA,SEA,IAD,168
UA,ORD,MDT,52
UA,ORD,DEN,530
UA,GEG,DEN,106
UA,TPA,DEN,116
UA,DEN,MTJ,8
UA,LAX,MCO,80
UA,HNL,DEN,64
UA,ORD,CLT,81
UA,ORD,OGG,6
UA,PDX,IAD,56
UA,PHX,SFO,137
UA,TUL,DEN,100
UA,SFO,RNO,39
UA,CMH,ORD,82
UA,DEN,SAN,263
UA,ORD,OMA,86
UA,LAX,PDX,1
UA,PSP,ORD,24
UA,AUS,DEN,48
UA,LAX,IAD,404
UA,SAT,IAD,64
UA,DEN,SAT,32
UA,PDX,DEN,170
UA,MCO,DEN,228
UA,SNA,ORD,162
UA,BIL,DEN,100
UA,LAS,DEN,295
UA,DEN,OMA,182
UA,IAD,MCO,286
UA,DEN,CLE,24
UA,SFO,SAN,352
UA,IAD,RDU,123
UA,ORD,TPA,212
UA,CLE,ORD,56
UA,DEN,OGG,28
UA,DEN,DSM,88
UA,STL,SFO,56
UA,OGG,KOA,6
UA,STT,SJU,25
UA,SMF,ORD,112
UA,DEN,DCA,56
UA,ONT,DEN,156
UA,PHX,DEN,296
UA,KOA,SFO,112
UA,LAX,PHL,52
UA,IAH,SFO,48
UA,RDU,ORD,28
UA,ORD,PHX,205
UA,BOS,LAX,108
UA,MSY,ORD,48
UA,ORD,DSM,40
UA,ORD,MIA,56
UA,JAC,DEN,68
UA,DFW,ORD,100
F9,DEN,SDF,56
F9,DEN,GEG,37
F9,DEN,SAN,242
F9,DEN,CAK,72
F9,FLL,MKE,2
F9,LAS,MKE,60
F9,MKE,MCO,82
F9,DEN,TUS,110
F9,MKE,BOS,120
F9,MKE,DFW,2
F9,DEN,DTW,152
F9,MKE,PIE,52
F9,DEN,ATL,150
F9,DEN,IND,152
F9,MDW,DEN,192
F9,DEN,DFW,230
F9,DCA,DEN,167
F9,DEN,DAY,104
F9,DEN,OKC,2
F9,STL,DEN,128
F9,LAS,DEN,374
F9,DEN,RSW,32
F9,DEN,MSN,48
F9,DEN,BNA,56
F9,DEN,MSP,196
F9,DEN,SFO,137
F9,DEN,MSY,56
F9,DEN,LGA,110
F9,MCI,DEN,82
F9,MKE,RSW,56
F9,MKE,DEN,162
F9,MKE,MSP,4
F9,DEN,PHF,24
F9,MKE,PHX,92
F9,SLC,DEN,168
F9,DEN,LAX,280
F9,DCA,MKE,101
F9,AUS,DEN,98
F9,SNA,DEN,222
F9,DEN,MCO,115
F9,DEN,FLL,112
F9,TPA,DEN,80
F9,DEN,PHL,40
F9,MKE,LAX,16
F9,DEN,SMF,104
F9,HOU,DEN,106
F9,DEN,PHX,285
F9,DEN,SEA,224
F9,MKE,LGA,148
F9,DEN,PDX,205
AS,YAK,CDV,56
AS,FAI,ANC,410
AS,ATL,SEA,56
AS,SEA,SNA,438
AS,BUR,SEA,160
AS,FAI,SCC,28
AS,SEA,SJC,280
AS,ANC,OTZ,84
AS,LAS,SEA,390
AS,OGG,SAN,56
AS,JNU,KTN,56
AS,SEA,MSP,104
AS,SEA,OAK,208
AS,ORD,SEA,143
AS,SEA,DFW,155
AS,ORD,PDX,46
AS,SEA,LIH,56
AS,KTN,SEA,168
AS,KTN,WRG,56
AS,ANC,ORD,56
AS,SCC,BRW,36
AS,PDX,KOA,32
AS,ANC,HNL,56
AS,MIA,SEA,56
AS,JNU,SIT,112
AS,ANC,PDX,104
AS,SEA,JNU,112
AS,PSP,SFO,104
AS,PDX,PHX,152
AS,ADK,ANC,16
AS,SJC,OGG,24
AS,SFO,SEA,376
AS,AUS,SEA,52
AS,SEA,LAX,523
AS,OTZ,OME,84
AS,AUS,SJC,94
AS,FAI,BRW,56
AS,SMF,OGG,28
AS,ADQ,ANC,104
AS,PHX,SEA,264
AS,HNL,PDX,56
AS,ANC,BET,160
AS,LAX,PDX,266
AS,TUS,SEA,56
AS,SEA,SMF,216
AS,PDX,PSP,56
AS,LAS,BLI,56
AS,OAK,KOA,24
AS,SEA,BOS,56
AS,SEA,KOA,80
AS,SIT,KTN,56
AS,MCO,SEA,112
AS,SJC,PDX,112
AS,JNU,ANC,168
AS,CDV,ANC,56
AS,JNU,YAK,56
AS,OGG,PDX,56
AS,SEA,STL,56
AS,SEA,IAH,56
AS,PDX,SNA,224
AS,ANC,SCC,40
AS,SEA,EWR,108
AS,LAS,PDX,160
AS,OGG,ANC,24
AS,SEA,GEG,136
AS,SEA,SAN,376
AS,BOS,PDX,48
AS,SEA,ANC,670
AS,SFO,PDX,56
AS,PSG,JNU,56
AS,WRG,PSG,56
AS,BRW,ANC,36
AS,ONT,SEA,152
AS,DCA,SEA,112
AS,OGG,SEA,112
AS,DCA,LAX,56
AS,OAK,OGG,32
AS,SAN,PDX,168
AS,SEA,HNL,112
AS,DEN,SEA,164
AS,PSP,SEA,152
AS,FAI,SEA,112
AS,OME,ANC,84
US,DFW,PHX,288
US,SAN,PHL,112
US,SNA,PHX,320
US,TUS,PHX,96
US,DFW,PHL,256
US,SAN,PHX,344
US,IND,PHX,112
US,EWR,CLT,432
US,CLT,LAX,224
US,BWI,CLT,470
US,DCA,RSW,80
US,ONT,PHX,272
US,CLT,LAS,280
US,PHL,RSW,192
US,CLT,MCI,160
US,MSY,PHL,100
US,EWR,PHX,168
US,PHL,RDU,232
US,PBI,DCA,164
US,PHL,PIT,188
US,SJC,PHX,276
US,CLT,IAD,56
US,PHL,PHX,336
US,CLT,LGA,500
US,FLL,DCA,212
US,DCA,PHL,76
US,SYR,DCA,48
US,PHX,SAT,56
US,FLL,PHL,280
US,DAB,CLT,32
US,TPA,CLT,448
US,TPA,PHX,120
US,LAS,BOS,54
US,PHL,SJU,200
US,STT,PHL,56
US,DEN,PHX,288
US,BDL,PHL,48
US,OGG,PHX,56
US,DCA,LAS,56
US,PHL,TPA,274
US,CLT,MHT,32
US,BUR,PHX,112
US,PHX,LAS,554
US,SYR,PHL,48
US,BNA,CLT,160
US,RDU,CLT,390
US,LAS,DFW,142
US,PHX,FLL,112
US,PHX,ELP,33
US,BOS,CLT,498
US,CLT,DTW,204
US,SFO,PHX,288
US,RNO,PHX,241
US,PHX,STL,168
US,PIT,PHX,114
US,DCA,JAX,100
US,PHL,SFO,168
US,PIT,CLT,444
US,CLT,STT,64
US,SFO,LAS,104
US,PHX,KOA,56
US,JAX,CLT,336
US,PHL,PBI,168
US,PHX,ANC,56
US,BWI,PHL,104
US,CLT,PBI,336
US,IND,CLT,72
US,ROC,CLT,56
US,PHX,HNL,96
US,DTW,PHL,56
US,PHL,SEA,56
US,PIT,DFW,2
US,PHX,JFK,170
US,PVD,PHL,184
US,LAX,PHX,344
US,MCO,CLT,504
US,IAH,CLT,326
US,SMF,PHX,256
US,MIA,CLT,360
US,PHL,DEN,98
US,BDL,DCA,56
US,LAX,PHL,220
US,LGA,BOS,760
US,LAS,PHL,272
US,MHT,PHL,48
US,STX,CLT,8
US,CLT,FLL,448
US,STL,CLT,112
US,PHL,BUF,72
US,BDL,CLT,256
US,MCO,DCA,262
US,MEM,CLT,32
US,LGA,PHL,52
US,CLT,MDT,96
US,LAX,LAS,168
US,RSW,CLT,355
US,BUF,CLT,204
US,PVD,DCA,48
US,DCA,DFW,14
US,PHL,IND,64
US,PHX,ABQ,39
US,MIA,PHL,192
US,SYR,CLT,144
US,ALB,CLT,112
US,DCA,CLT,476
US,ATL,PHX,176
US,MYR,CLT,152
US,PHX,DCA,168
US,OAK,PHX,263
US,SEA,PHX,288
US,DCA,BUF,24
US,PHL,JAX,156
US,IAH,PHX,230
US,MSY,CLT,200
US,CLT,PVD,240
US,BOI,PHX,112
US,CLE,CLT,96
US,CHS,CLT,40
US,CLT,SEA,56
US,RIC,CLT,188
US,MCO,PHX,120
US,PHX,PDX,288
US,PHX,MKE,112
US,CLT,SAN,56
US,PHX,BWI,120
US,CLT,SJU,152
US,SFO,CLT,168
US,MCO,PHL,386
US,PHX,MSP,232
US,MSP,PHL,104
US,PHX,BOS,176
US,CLT,PHL,539
US,DEN,CLT,280
US,GEG,PHX,112
US,SLC,PHX,264
US,CLT,PWM,56
US,PHX,CMH,110
US,MCI,PHX,154
US,LIH,PHX,42
US,JFK,CLT,160
US,CLT,DFW,426
US,CLT,ABE,56
US,PHX,ORD,282
US,DCA,LGA,772
US,ORD,PHL,372
US,PHX,CLT,392
US,BOS,PHL,746
US,ATL,PHL,216
US,CLT,ORF,56
US,TPA,DCA,212
US,CLT,ORD,440
US,OMA,PHX,108
US,SAT,CLT,56
US,PHX,DTW,176
US,DCA,BOS,744
US,CLT,ATL,408
US,CLT,MSP,152
XE,AVL,EWR,52
XE,BNA,EWR,260
XE,BNA,IAD,140
XE,CHS,ORD,55
XE,ORD,MHT,5
XE,DEN,XNA,66
XE,IAH,COS,103
XE,MOB,IAH,260
XE,AVP,ORD,108
XE,IAD,ROC,87
XE,ORD,OKC,117
XE,IAH,STL,137
XE,ABQ,IAH,222
XE,CLE,GRB,90
XE,EWR,TYS,50
XE,EWR,IAD,70
XE,CAK,ORD,160
XE,CLE,DFW,108
XE,MEM,DEN,85
XE,CLE,IAD,224
XE,ORD,ROC,132
XE,GSP,ORD,78
XE,IAD,LGA,47
XE,JAX,EWR,200
XE,DEN,BNA,39
XE,CLE,ORF,56
XE,IAH,MAF,249
XE,ORD,DAY,91
XE,IAH,HSV,142
XE,CHS,EWR,108
XE,DEN,PIA,39
XE,DEN,OMA,21
XE,AMA,IAH,198
XE,AVL,IAH,48
XE,DEN,FSD,24
XE,IAH,TUL,184
XE,IAD,BUF,99
XE,VPS,IAH,112
XE,IAH,CVG,212
XE,CLT,IAD,53
XE,ORD,TVC,109
XE,GSO,EWR,203
XE,IND,ORD,83
XE,ORD,PNS,28
XE,ABE,ORD,195
XE,ORD,EWR,14
XE,AUS,DEN,21
XE,TUL,EWR,48
XE,BHM,ORD,128
XE,IAH,PIT,81
XE,CLT,EWR,135
XE,DTW,ORD,50
XE,EWR,GSP,82
XE,ALB,ORD,77
XE,CAE,IAD,4
XE,LIT,EWR,48
XE,ORD,MSN,141
XE,IAD,PVD,28
XE,GRB,ORD,188
XE,GRR,DEN,8
XE,ABQ,DEN,44
XE,ORD,LIT,142
XE,IAH,SDF,177
XE,MSN,CLE,48
XE,DTW,EWR,232
XE,IAD,SAV,84
XE,LCH,IAH,54
XE,LAN,ORD,26
XE,EWR,PIT,128
XE,GRR,ORD,68
XE,OMA,IAH,248
XE,MEM,ORD,131
XE,DEN,SGF,51
XE,EWR,MSY,36
XE,LIT,IAH,306
XE,GRK,IAH,29
XE,MHT,EWR,208
XE,SHV,IAH,124
XE,IND,IAD,50
XE,RAP,ORD,46
XE,BOS,CLE,76
XE,PIT,ORD,6
XE,DFW,IAH,127
XE,CAE,ORD,40
XE,EWR,XNA,80
XE,CLE,MSY,34
XE,HRL,IAH,258
XE,IAH,MSY,26
XE,PVD,EWR,216
XE,CLE,MSP,143
XE,OMA,EWR,112
XE,EWR,SAV,148
XE,IAH,MSP,168
XE,BNA,IAH,352
XE,IAH,DSM,80
XE,DEN,IND,1
XE,HSV,ORD,108
XE,TUS,IAH,73
XE,CLE,MKE,186
XE,IAH,CRW,52
XE,IAH,CMH,44
XE,JAX,CLE,22
XE,CLE,TYS,34
XE,IAH,CRP,492
XE,EWR,SYR,22
XE,IAH,MCO,24
XE,CLE,MCI,154
XE,OKC,DEN,77
XE,CLE,MCO,6
XE,IAH,MCI,390
XE,DEN,ELP,89
XE,IND,EWR,176
XE,PBI,CLE,36
XE,CLE,RDU,22
XE,EWR,ROC,159
XE,IAH,LRD,180
XE,IAH,PBI,126
XE,ATL,IAD,15
XE,ORD,XNA,126
XE,MCI,IAD,36
XE,IAD,CVG,54
XE,CLE,GSP,48
XE,IAH,RSW,2
XE,BWI,EWR,132
XE,EWR,RDU,153
XE,IAD,BTV,49
XE,ATL,IAH,168
XE,LNK,DEN,33
XE,DTW,IAH,4
XE,GSO,IAH,97
XE,ORD,SDF,36
XE,IAH,BHM,302
XE,DEN,MCI,105
XE,IND,CLE,39
XE,IAH,ORD,1
XE,AEX,IAH,112
XE,DTW,IAD,24
XE,COS,ORD,1
XE,GSO,IAD,42
XE,GRR,CLE,150
XE,MIA,CLE,20
XE,ORF,ORD,80
XE,DSM,DEN,25
XE,DRO,DEN,49
XE,IAH,CLT,266
XE,GSP,IAD,68
XE,ROA,ORD,73
XE,ORD,BNA,179
XE,CLE,STL,52
XE,IAD,SYR,111
XE,BDL,CLE,4
XE,IAH,MLU,23
XE,DEN,CID,49
XE,DEN,MSN,56
XE,EWR,DCA,343
XE,BUF,ORD,122
XE,IAH,JAX,262
XE,DEN,RAP,108
XE,DEN,TUL,65
XE,BWI,ORD,114
XE,IAH,BTR,237
XE,ORD,SAV,70
XE,FAR,ORD,145
XE,ORD,CVG,85
XE,IAD,IAH,60
XE,MHT,CLE,134
XE,IAH,ORF,112
XE,BTV,ORD,174
XE,MEM,EWR,96
XE,ALB,CLE,64
XE,CLE,LGA,121
XE,IAH,SAV,94
XE,LNK,ORD,117
XE,BRO,IAH,262
XE,FSD,ORD,232
XE,SDF,CLE,71
XE,ORF,EWR,84
XE,ATL,ORD,11
XE,BUF,CLE,46
XE,MYR,EWR,40
XE,EWR,SDF,144
XE,IAH,MTJ,16
XE,MSP,EWR,220
XE,IAD,PIT,30
XE,IAH,RDU,138
XE,ORD,SBN,48
XE,LEX,IAH,92
XE,CHS,IAD,123
XE,IAH,OKC,284
XE,TYS,IAD,140
XE,TYS,IAH,163
XE,CRW,ORD,98
XE,BDL,EWR,27
XE,CLE,ATL,134
XE,IAH,DAY,108
XE,IAH,GRR,52
XE,DEN,MTJ,48
XE,CLE,TPA,2
XE,CLE,PVD,92
XE,DEN,FAR,145
XE,LEX,ORD,72
XE,ROC,CLE,102
XE,DEN,BIS,45
XE,GPT,IAH,254
XE,DAL,IAH,295
XE,MDT,ORD,92
XE,IAH,PHX,18
XE,ATL,EWR,132
XE,EWR,MSN,48
XE,DEN,ICT,71
XE,ICT,ORD,215
XE,CLE,DCA,138
XE,MEM,IAH,242
XE,LBB,IAH,202
XE,ORD,CLE,263
XE,IAH,MFE,80
XE,CMH,ORD,85
XE,GSP,IAH,104
XE,ORF,IAD,77
XE,IAH,RIC,108
XE,DAY,IAD,172
XE,EWR,DAY,144
XE,ORD,SGF,95
XE,MCI,EWR,248
XE,MCI,ORD,148
XE,CLE,CLT,65
XE,SAT,IAH,144
XE,ATW,ORD,226
XE,CLE,DAY,96
XE,EWR,GRR,88
XE,CLE,BTV,40
XE,ELP,IAH,154
XE,PHL,CLE,42
XE,ORD,PIA,153
XE,GJT,DEN,56
XE,IAH,CAE,94
XE,SDF,DEN,12
XE,ORD,TYS,190
XE,CLE,FLL,4
XE,IAD,PNS,54
XE,CMH,EWR,169
XE,IAD,RDU,48
XE,IAD,ROA,27
XE,DEN,LIT,100
XE,IAH,CHS,120
XE,TUL,ORD,162
XE,STL,EWR,236
XE,HSV,IAD,20
XE,BUF,EWR,65
XE,IAH,PNS,226
XE,RIC,EWR,248
XE,OMA,FSD,1
XE,ALB,IAD,59
XE,JAN,IAH,227
XE,MKE,IAH,189
XE,CID,ORD,45
XE,ORD,SYR,113
XE,SLC,IAH,14
XE,ORD,RDU,22
XE,ORD,PVD,12
XE,IAH,XNA,169
XE,AUS,IAH,114
XE,OMA,ORD,48
XE,CLT,ORD,8
XE,OKC,EWR,48
XE,IAH,LFT,382
XE,GSO,ORD,63
XE,BPT,IAH,2
XE,IAH,IND,139
XE,BIS,ORD,56
XE,EWR,CVG,200
XE,ORD,DSM,57
XE,ICT,IAH,234
XE,MKE,EWR,144
XE,CLE,RIC,134
XE,CMH,IAD,90
B6,BOS,PBI,272
B6,LGB,SFO,204
B6,BUR,JFK,108
B6,JAX,JFK,145
B6,BUF,RSW,56
B6,HPN,TPA,56
B6,FLL,SJU,135
B6,PHX,LGB,1
B6,IAD,LGB,56
B6,AUS,JFK,123
B6,EWR,TPA,56
B6,JFK,OAK,69
B6,BDL,MCO,112
B6,EWR,PBI,112
B6,IAD,OAK,24
B6,EWR,FLL,280
B6,BOS,RSW,324
B6,JFK,PDX,24
B6,JFK,SLC,56
B6,FLL,RDU,56
B6,BQN,JFK,81
B6,BOS,SFO,104
B6,MCO,RIC,56
B6,LAS,LGB,264
B6,LGB,PDX,106
B6,AUS,FLL,56
B6,FLL,LGB,50
B6,BOS,IAD,286
B6,MCO,PSE,56
B6,BOS,BWI,246
B6,FLL,HPN,168
B6,DEN,JFK,56
B6,BOS,CLT,121
B6,BUR,LAS,56
B6,BOS,SAN,56
B6,JFK,MCO,470
B6,JFK,SAN,104
B6,HPN,MCO,216
B6,LGB,SEA,152
B6,JFK,SYR,189
B6,MCO,SWF,56
B6,BOS,RIC,104
B6,LGB,SMF,112
B6,JFK,PWM,167
B6,BOS,JAX,56
B6,LGB,OAK,169
B6,IAD,JFK,103
B6,LGA,MCO,112
B6,FLL,RIC,56
B6,JFK,SFO,92
B6,DCA,FLL,56
B6,DCA,MCO,56
B6,HOU,JFK,98
B6,AUS,BOS,56
B6,MCO,PWM,56
B6,BOS,BUF,124
B6,AUS,LGB,56
B6,BOS,SJC,34
B6,BTV,JFK,200
B6,BOS,SJU,135
B6,MCO,SYR,80
B6,LGA,PBI,112
B6,JFK,PIT,112
B6,BOS,JFK,379
B6,JFK,LGB,100
B6,BOS,MSY,46
B6,JFK,ORD,108
B6,PSE,JFK,46
B6,BOS,SRQ,60
B6,BDL,FLL,112
B6,HPN,RSW,101
B6,FLL,LGA,278
B6,BOS,DEN,88
B6,EWR,MCO,280
B6,JFK,MSY,147
B6,BUF,MCO,80
B6,AUS,SFO,56
B6,BQN,MCO,46
B6,BOS,ORD,148
B6,JFK,RDU,147
B6,JFK,PHX,88
B6,JFK,TPA,235
B6,BUF,JFK,368
B6,FLL,JFK,522
B6,BOS,PIT,128
B6,BOS,LGB,35
B6,BUF,FLL,56
B6,JFK,SMF,32
B6,BOS,TPA,260
B6,AUS,MCO,56
B6,JFK,ROC,184
B6,FLL,IAD,124
B6,BOS,SEA,48
B6,JFK,SEA,44
B6,BOS,DCA,376
B6,IAD,MCO,160
B6,JFK,LAS,184
B6,CLT,JFK,147
B6,LGB,SLC,168
B6,JFK,LAX,148
B6,BTV,MCO,56
B6,MCO,SJU,259
B6,BOS,LAX,104
B6,BOS,MCO,388
B6,LGB,ORD,56
B6,JFK,SRQ,112
B6,FLL,SFO,32
B6,BOS,FLL,360
B6,JFK,SJC,40
B6,FLL,SWF,56
B6,JFK,RSW,276
B6,JFK,PBI,408
B6,BOS,PHX,56
B6,HPN,PBI,172
B6,EWR,RSW,112
B6,JFK,SJU,258
B6,BOS,RDU,216
B6,BOS,LAS,72
MQ,IND,MIA,112
MQ,LGA,ATL,368
MQ,LAX,FAT,264
MQ,DFW,MOB,168
MQ,ORD,MQT,56
MQ,BOS,LGA,350
MQ,ORD,CID,142
MQ,ORD,OKC,214
MQ,ORD,MDT,160
MQ,DFW,MGM,160
MQ,DFW,CHS,168
MQ,DAY,ORD,158
MQ,CLE,MIA,112
MQ,XNA,DFW,387
MQ,JFK,BOS,280
MQ,FAY,DFW,112
MQ,MEM,MIA,112
MQ,CLE,DFW,224
MQ,GSO,MIA,112
MQ,MIA,CMH,168
MQ,ORD,ROC,214
MQ,ELP,ORD,112
MQ,DFW,GPT,168
MQ,DCA,RDU,382
MQ,JFK,BWI,56
MQ,CLE,ORD,314
MQ,DFW,HOU,372
MQ,BMI,ORD,112
MQ,GRB,DFW,2
MQ,SAN,LAX,656
MQ,CHA,DFW,56
MQ,ORD,ATL,370
MQ,LBB,DFW,272
MQ,ABE,ORD,158
MQ,DFW,MLU,18
MQ,ORD,BDL,214
MQ,MTJ,DFW,40
MQ,DFW,AEX,168
MQ,DFW,SPS,50
MQ,ORD,LIT,220
MQ,ORD,BUF,214
MQ,TXK,DFW,112
MQ,DFW,FWA,112
MQ,BHM,MIA,112
MQ,LAX,DEN,224
MQ,ORD,MSP,268
MQ,LGA,DTW,258
MQ,ORF,MIA,112
MQ,AZO,ORD,166
MQ,ORD,FNT,34
MQ,BWI,ORD,213
MQ,PIT,ORD,268
MQ,ORD,PNS,16
MQ,CHS,MIA,112
MQ,MKE,DFW,274
MQ,ORD,MTJ,8
MQ,ORD,HDN,8
MQ,MCI,ORD,166
MQ,SGF,ORD,160
MQ,BNA,MIA,112
MQ,DFW,PNS,276
MQ,DFW,LIT,550
MQ,LAX,SJC,328
MQ,TVC,ORD,104
MQ,MSN,ORD,114
MQ,DFW,TYR,110
MQ,DFW,MAF,168
MQ,GRR,ORD,104
MQ,SHV,DFW,156
MQ,BNA,LGA,110
MQ,LEX,DFW,168
MQ,MQT,TVC,48
MQ,ORD,CMI,306
MQ,ORD,CMH,509
MQ,RNO,LAX,168
MQ,GRB,MQT,48
MQ,CMH,JFK,112
MQ,LEX,ORD,112
MQ,CVG,JFK,57
MQ,ORD,XNA,340
MQ,ATL,MIA,112
MQ,ORD,CHA,104
MQ,IAH,ORD,220
MQ,RDU,JFK,224
MQ,MKE,ORD,34
MQ,CRW,ORD,104
MQ,ICT,ORD,164
MQ,DFW,RAP,56
MQ,ORD,AVP,112
MQ,DFW,PIA,150
MQ,DFW,CYS,56
MQ,DFW,AGS,112
MQ,LAX,SAF,56
MQ,DFW,JAN,440
MQ,EWR,ORD,208
MQ,ORD,JFK,39
MQ,DCA,ORD,149
MQ,CLL,DFW,56
MQ,ORD,RIC,252
MQ,LSE,ORD,56
MQ,CMI,DFW,56
MQ,RDU,LGA,479
MQ,PIT,JFK,56
MQ,DFW,LFT,168
MQ,DFW,EVV,112
MQ,GSP,DFW,216
MQ,MIA,JAX,112
MQ,DFW,SDF,56
MQ,DFW,BTR,438
MQ,CVG,DFW,273
MQ,ORD,DBQ,48
MQ,TYS,MIA,112
MQ,IND,JFK,56
MQ,SAT,ORD,56
MQ,FAR,ORD,158
MQ,CVG,ORD,262
MQ,GGG,DFW,56
MQ,TUL,DFW,56
MQ,LGA,CLE,156
MQ,BNA,ORD,379
MQ,JFK,ORF,56
MQ,ORD,RDU,112
MQ,FSD,ORD,158
MQ,JAX,ORD,168
MQ,DFW,MHK,168
MQ,DFW,CMH,168
MQ,RST,ORD,110
MQ,TLH,MIA,144
MQ,GJT,DFW,150
MQ,MHK,ORD,56
MQ,ROW,DFW,160
MQ,ORD,DTW,390
MQ,GRR,DFW,148
MQ,LCH,DFW,112
MQ,MEM,ORD,160
MQ,SBA,LAX,272
MQ,ORD,DEN,160
MQ,SAV,DFW,112
MQ,EVV,ORD,166
MQ,CVG,MIA,168
MQ,DFW,GUC,116
MQ,ORD,ABQ,112
MQ,ORD,CLT,212
MQ,DFW,VPS,276
MQ,TRI,ORD,112
MQ,DFW,FSM,112
MQ,ACT,DFW,100
MQ,PIT,MIA,112
MQ,PNS,MIA,112
MQ,DFW,FSD,112
MQ,MSP,LGA,216
MQ,AMA,DFW,179
MQ,DFW,CRP,434
MQ,ORD,HSV,104
MQ,ORD,OMA,220
MQ,TYS,ORD,206
MQ,DFW,LRD,216
MQ,DFW,ABI,382
MQ,ORD,AUS,56
MQ,MIA,RIC,112
MQ,CLT,MIA,224
MQ,DFW,CAE,168
MQ,MLI,ORD,56
MQ,TOL,ORD,48
MQ,DCA,BNA,253
MQ,DSM,DFW,326
MQ,JFK,STL,56
MQ,DFW,SAF,112
MQ,BRO,DFW,112
MQ,DFW,GRK,234
MQ,DFW,CID,264
MQ,JFK,CLE,56
MQ,ORD,GRB,216
MQ,CLT,LGA,270
MQ,DFW,TLH,56
MQ,TUL,ORD,156
MQ,DFW,DAY,56
MQ,DFW,BMI,56
MQ,LGA,XNA,120
MQ,ORD,SLC,168
MQ,FWA,ORD,148
MQ,DFW,MLI,104
MQ,DFW,CSG,112
MQ,DFW,MSN,150
MQ,LAX,MRY,160
MQ,ORD,SYR,206
MQ,ORD,IND,236
MQ,DFW,TYS,269
MQ,ORD,PHL,260
MQ,MIA,SDF,112
MQ,LGA,CMH,248
MQ,SGF,DFW,434
MQ,DCA,JFK,280
MQ,ORD,SPI,98
MQ,MSY,ORD,19
MQ,ORD,DSM,254
MQ,CRW,LGA,48
MQ,DFW,GSO,112
WN,OKC,STL,90
WN,SDF,TPA,56
WN,FLL,LAS,56
WN,BOI,LAS,112
WN,BNA,BWI,364
WN,BWI,MHT,412
WN,LAS,SEA,220
WN,JAX,LAS,56
WN,ABQ,LAX,189
WN,DEN,MSP,210
WN,BWI,CLE,154
WN,DEN,MSY,108
WN,OKC,PHX,112
WN,MDW,SAN,168
WN,PHL,PIT,286
WN,OAK,SAN,644
WN,DAL,LBB,312
WN,MDW,SAT,100
WN,MDW,ORF,104
WN,LAS,PDX,168
WN,DEN,PHL,160
WN,PHX,RNO,152
WN,MDW,RSW,148
WN,DEN,PHX,476
WN,PHL,TPA,168
WN,BNA,MDW,357
WN,AUS,FLL,56
WN,DAL,MCI,521
WN,MDW,RDU,158
WN,JAN,MDW,56
WN,AUS,LAX,101
WN,AUS,LAS,168
WN,DTW,PHX,56
WN,PHX,TPA,56
WN,CLE,LAS,56
WN,JAN,MCO,56
WN,MDW,OMA,259
WN,MSY,PHX,56
WN,AMA,DAL,321
WN,BNA,RSW,36
WN,DEN,LAX,419
WN,BWI,TPA,326
WN,LAS,SNA,427
WN,BOI,GEG,148
WN,LAS,PVD,56
WN,DEN,LAS,486
WN,ALB,LAS,56
WN,GEG,LAS,112
WN,PHX,SLC,368
WN,ONT,PHX,414
WN,AUS,HOU,256
WN,LAS,MCO,112
WN,LAS,MCI,215
WN,RNO,SJC,157
WN,LAS,PHL,56
WN,MCO,MDW,372
WN,BWI,MDW,312
WN,LAS,PHX,759
WN,BNA,LAX,104
WN,HOU,OAK,100
WN,ALB,MDW,111
WN,ABQ,HOU,152
WN,FLL,JAX,270
WN,BUF,PHX,56
WN,MDW,MSP,432
WN,BDL,FLL,56
WN,SAN,SMF,586
WN,LAX,MCI,103
WN,BHM,HOU,104
WN,BWI,JAX,221
WN,ISP,RSW,36
WN,DEN,HOU,220
WN,HOU,MDW,311
WN,BWI,JAN,56
WN,MDW,SEA,102
WN,BUF,MCO,184
WN,MKE,TPA,56
WN,SEA,STL,56
WN,HOU,LIT,56
WN,LAS,TPA,104
WN,BWI,MCI,103
WN,BWI,MCO,392
WN,AUS,HRL,56
WN,RDU,STL,56
WN,PBI,PHL,112
WN,BNA,DEN,156
WN,DEN,GEG,108
WN,BHM,STL,56
WN,LAX,SMF,422
WN,MCO,RDU,168
WN,ABQ,TUS,112
WN,DEN,IND,160
WN,SAT,TPA,56
WN,MDW,PDX,48
WN,ALB,FLL,56
WN,DEN,RDU,56
WN,ABQ,PHX,456
WN,AMA,DEN,111
WN,CRP,HOU,248
WN,DEN,SEA,165
WN,SAN,SAT,104
WN,DAL,HOU,1286
WN,CMH,TPA,112
WN,RNO,SEA,56
WN,BWI,SDF,158
WN,PDX,SLC,104
WN,ELP,HOU,156
WN,BUF,TPA,92
WN,DAL,STL,413
WN,DEN,ONT,112
WN,GEG,SEA,144
WN,MCI,MDW,488
WN,FLL,PVD,120
WN,FLL,MCO,275
WN,MDW,SFO,109
WN,ABQ,ELP,56
WN,PDX,PHX,158
WN,MCO,RSW,224
WN,PHL,PHX,56
WN,ONT,SMF,415
WN,BWI,PIT,156
WN,BUR,SMF,405
WN,OAK,SLC,208
WN,LAS,STL,168
WN,DEN,SNA,157
WN,ELP,SAN,56
WN,MCO,MHT,168
WN,ELP,SAT,152
WN,PHL,RDU,160
WN,ABQ,MAF,56
WN,BWI,LIT,56
WN,MCO,PIT,120
WN,AUS,LBB,94
WN,CMH,STL,96
WN,BHM,MSY,101
WN,HOU,JAN,160
WN,BWI,PBI,204
WN,FLL,TPA,426
WN,BHM,DAL,159
WN,HOU,JAX,56
WN,DEN,FLL,111
WN,MDW,ONT,56
WN,SMF,SNA,326
WN,PHL,STL,104
WN,BUR,SJC,410
WN,PHX,PVD,56
WN,LAS,OAK,439
WN,OAK,SEA,303
WN,LAX,RNO,157
WN,BNA,MSY,158
WN,BNA,PHL,104
WN,BOS,MDW,265
WN,LAS,MKE,112
WN,MCI,STL,244
WN,SEA,SLC,152
WN,BNA,PHX,152
WN,ABQ,SLC,56
WN,BUR,LAS,596
WN,PHX,SMF,303
WN,MCI,MCO,168
WN,JAX,PHL,56
WN,MCO,STL,204
WN,BNA,TPA,215
WN,LAS,SFO,379
WN,MSP,PHX,112
WN,PHX,PIT,56
WN,BWI,FLL,252
WN,BWI,RDU,312
WN,SFO,SNA,320
WN,BWI,CMH,206
WN,PHX,SDF,56
WN,ABQ,LBB,56
WN,MHT,PHL,203
WN,MCI,OAK,56
WN,ISP,PBI,168
WN,RSW,STL,56
WN,DEN,MDW,480
WN,BUR,PHX,417
WN,MHT,PHX,56
WN,BNA,SAN,56
WN,MDW,SJC,56
WN,DEN,SJC,152
WN,BNA,MCO,270
WN,BNA,MCI,159
WN,HOU,PHX,205
WN,MDW,STL,464
WN,ABQ,SEA,111
WN,RDU,TPA,158
WN,HOU,PHL,56
WN,MHT,TPA,113
WN,BNA,JAX,158
WN,MDW,SMF,56
WN,BNA,DTW,104
WN,CLE,MDW,320
WN,CMH,MDW,311
WN,ABQ,PDX,56
WN,SAN,SFO,464
WN,HOU,OKC,206
WN,DTW,STL,100
WN,BOI,OAK,106
WN,BHM,PHX,56
WN,OAK,RNO,157
WN,BWI,IND,158
WN,DAL,MAF,310
WN,MDW,PIT,213
WN,DEN,OMA,160
WN,OMA,STL,147
WN,LAS,LBB,56
WN,ALB,MCO,168
WN,ABQ,MCO,56
WN,RNO,SAN,109
WN,MCO,MKE,112
WN,AUS,PHX,206
WN,PDX,RNO,104
WN,DAL,LIT,316
WN,OMA,PHX,112
WN,BHM,MDW,100
WN,RNO,SLC,56
WN,AUS,SAN,104
WN,MDW,SLC,108
WN,DAL,SAT,709
WN,MDW,SNA,56
WN,BNA,LAS,112
WN,BOI,DEN,112
WN,FLL,MCI,56
WN,HOU,MAF,99
WN,DEN,RNO,89
WN,SAN,STL,56
WN,DEN,SFO,208
WN,BOS,DEN,112
WN,LAX,SLC,165
WN,STL,TPA,112
WN,LAS,SLC,361
WN,HOU,MSY,521
WN,MCO,ORF,112
WN,MDW,OAK,111
WN,LAS,MDW,439
WN,MSY,TPA,160
WN,ABQ,SAN,111
WN,DEN,TPA,112
WN,HOU,SAN,104
WN,PHX,SEA,213
WN,HOU,SAT,257
WN,BWI,LAX,56
WN,IAD,MDW,304
WN,BWI,LAS,160
WN,GEG,OAK,107
WN,BWI,ORF,208
WN,OAK,PDX,300
WN,BHM,JAX,56
WN,BOS,BWI,417
WN,ISP,TPA,140
WN,DEN,DTW,112
WN,AMA,LAS,56
WN,BWI,SAN,110
WN,DAL,MSY,369
WN,SEA,SMF,211
WN,PIT,TPA,112
WN,DEN,OAK,211
WN,MCI,MKE,118
WN,ABQ,STL,56
WN,BWI,SAT,103
WN,PHX,SFO,257
WN,HRL,SAT,96
WN,FLL,ISP,168
WN,LAS,OKC,109
WN,AUS,MDW,103
WN,BNA,CMH,103
WN,BWI,PHX,168
WN,DEN,MCI,267
WN,FLL,MDW,224
WN,LAS,MSY,112
WN,DEN,MCO,160
WN,LAS,LAX,643
WN,MDW,TUS,112
WN,DEN,SMF,156
WN,LAX,PHX,573
WN,MCI,TPA,112
WN,BWI,HOU,157
WN,SAN,TUS,209
WN,BWI,MSY,106
WN,SDF,STL,97
WN,DEN,TUS,109
WN,BWI,OKC,56
WN,DEN,TUL,156
WN,LAX,MSY,56
WN,BWI,ECP,112
WN,LAX,TUS,267
WN,BUR,OAK,680
WN,BNA,ORF,56
WN,PVD,TPA,112
WN,LIT,PHX,56
WN,ECP,MCO,112
WN,MCO,PVD,280
WN,GEG,PDX,149
WN,BUF,BWI,270
WN,PHX,SAT,160
WN,MDW,MHT,159
WN,AUS,BNA,104
WN,ABQ,LAS,263
WN,SAN,SJC,479
WN,AUS,DAL,610
WN,LAS,MHT,56
WN,PHX,SNA,408
WN,MSY,STL,56
WN,CMH,PHX,56
WN,CMH,MCO,168
WN,LAS,MAF,56
WN,DEN,STL,208
WN,LAS,RDU,56
WN,BUF,FLL,64
WN,BWI,STL,203
WN,BWI,DTW,158
WN,LAS,TUS,271
WN,PHL,PVD,211
WN,IND,MCO,56
WN,LAS,TUL,64
WN,ELP,PHX,306
WN,IND,MCI,101
WN,BOS,STL,112
WN,HOU,TUL,193
WN,BHM,MCO,112
WN,MDW,TPA,260
WN,MCI,OKC,101
WN,BOI,PDX,104
WN,BHM,SDF,56
WN,LIT,STL,104
WN,ABQ,BWI,56
WN,MCO,SAT,56
WN,ECP,HOU,112
WN,AUS,BWI,103
WN,BDL,BWI,382
WN,ABQ,OAK,101
WN,MCO,MSY,224
WN,MCI,SAN,103
WN,DTW,MDW,315
WN,LAX,STL,109
WN,IND,MDW,159
WN,GEG,SLC,56
WN,LAS,SMF,430
WN,BOI,SEA,108
WN,IND,PHX,100
WN,PDX,SMF,314
WN,ALB,BWI,251
WN,ALB,TPA,56
WN,DEN,OKC,168
WN,FLL,MSY,104
WN,MSP,STL,104
WN,PHL,RSW,56
WN,BDL,MCO,168
WN,IND,TPA,56
WN,OAK,PHX,320
WN,MDW,PVD,155
WN,DAL,ELP,364
WN,LAX,SFO,577
WN,FLL,PHX,56
WN,BUF,LAS,84
WN,PHX,SAN,622
WN,PBI,TPA,201
WN,AUS,DEN,159
WN,FLL,PHL,168
WN,FLL,RDU,56
WN,BOI,SLC,104
WN,BDL,BNA,56
WN,LAS,SDF,56
WN,ABQ,DEN,158
WN,MDW,PHL,308
WN,PHX,SJC,301
WN,DEN,IAD,112
WN,MDW,PHX,363
WN,LAS,ONT,421
WN,LAS,LIT,56
WN,BUF,MDW,166
WN,MCO,SDF,56
WN,BDL,LAS,56
WN,BWI,SLC,56
WN,FLL,HOU,112
WN,MDW,SDF,207
WN,BNA,CLE,104
WN,OAK,SNA,371
WN,HOU,LAS,216
WN,DEN,SLC,312
WN,BNA,STL,104
WN,HOU,LAX,208
WN,CMH,LAS,112
WN,ORF,TPA,56
WN,DAL,OKC,256
WN,LAS,RNO,546
WN,MCI,PDX,56
WN,LIT,MDW,56
WN,ISP,MCO,224
WN,BWI,LGA,163
WN,BDL,TPA,112
WN,AUS,ELP,198
WN,BNA,HOU,205
WN,LAX,SAT,96
WN,AUS,OAK,56
WN,BDL,MDW,109
WN,OAK,ONT,419
WN,BDL,DEN,56
WN,BNA,RDU,200
WN,STL,TUL,96
WN,LAS,SAT,216
WN,SEA,SJC,101
WN,LAS,SAN,648
WN,BWI,PVD,454
WN,BHM,BWI,152
WN,ELP,LAS,168
WN,SJC,SNA,365
WN,MDW,RNO,56
WN,ELP,LAX,137
WN,BWI,DEN,207
WN,BNA,SAT,103
WN,LAS,OMA,112
WN,ABQ,MCI,56
WN,HOU,TPA,214
WN,BWI,MKE,154
WN,LAS,PIT,112
WN,JAX,ORF,104
WN,ABQ,MDW,111
WN,LAX,MDW,267
WN,BNA,ECP,112
WN,BWI,ISP,292
WN,ABQ,DAL,412
WN,PHX,RDU,56
WN,BHM,BNA,112
WN,MDW,MSY,56
WN,DEN,PDX,153
WN,DEN,SAN,267
WN,ISP,MDW,152
WN,BHM,TPA,104
WN,MCO,PHX,56
WN,IND,LAS,112
WN,HOU,STL,200
WN,JAX,TPA,155
WN,BWI,RSW,148
WN,DEN,SAT,112
WN,AUS,MCO,56
WN,MCO,PHL,308
WN,FLL,STL,56
WN,LGA,MDW,267
WN,AUS,TPA,56
WN,HOU,MCO,219
WN,BHM,LAS,56
WN,AUS,SJC,104
WN,LAX,OAK,739
WN,MCI,PHX,167
WN,LAS,SJC,432
WN,LAX,SJC,518
WN,PDX,SJC,200
WN,MKE,PHX,112
WN,PHX,STL,162
WN,CLE,STL,48
WN,DAL,TUL,256
WN,BOI,RNO,105
WN,BOS,PHL,416
WN,HOU,HRL,358
WN,BOS,PHX,56
WN,ONT,SJC,261
WN,LIT,PIT,6
WN,BNA,FLL,112
WN,PHX,TUL,109
EV,MEM,RDU,52
EV,ATL,TLH,444
EV,DTW,OKC,106
EV,DSM,ATL,97
EV,DTW,SAT,27
EV,IAD,ROA,60
EV,MEM,OMA,86
EV,IAD,ROC,83
EV,ABY,ATL,148
EV,ATL,CSG,212
EV,DTW,GSP,17
EV,MEM,ECP,101
EV,MEM,GPT,136
EV,BDL,DTW,54
EV,ATL,BQK,140
EV,MEM,LIT,104
EV,ATL,JAN,356
EV,ATL,GSP,332
EV,DFW,DTW,38
EV,MEM,TPA,52
EV,DTW,ORD,17
EV,DTW,ORF,56
EV,IAD,JAX,71
EV,ATL,IND,4
EV,ATL,MDT,214
EV,OMA,ATL,185
EV,ATL,ECP,328
EV,ATL,BMI,210
EV,MEM,STL,26
EV,ORD,PWM,4
EV,SYR,ORD,8
EV,ATL,GSO,248
EV,AGS,ATL,512
EV,DTW,TUL,102
EV,CVG,IAD,20
EV,CLT,DTW,24
EV,ATL,MOB,440
EV,ROC,ORD,25
EV,ATL,MTJ,52
EV,BTR,MEM,112
EV,MEM,XNA,152
EV,CVG,DCA,30
EV,ATL,FWA,2
EV,ORD,PNS,28
EV,ATL,SWF,47
EV,EVV,MEM,24
EV,ATL,CLE,176
EV,IAD,PVD,8
EV,ATL,MGM,372
EV,MFE,MEM,45
EV,ATL,GTR,56
EV,DCA,STL,152
EV,ATL,CLT,28
EV,CAE,IAD,184
EV,CAK,ATL,316
EV,JAN,DTW,50
EV,SAV,ORD,86
EV,ATL,ATW,56
EV,SAV,IAD,48
EV,DTW,EWR,92
EV,ORD,BUF,10
EV,CVG,MEM,1
EV,ATL,LEX,346
EV,MEM,PNS,69
EV,ATL,SHV,256
EV,LEX,DTW,4
EV,ATL,SGF,147
EV,CHA,DTW,23
EV,SAV,ATL,128
EV,DTW,PIT,12
EV,MEM,DCA,46
EV,CAE,ORD,108
EV,ATL,HSV,466
EV,CLE,DTW,2
EV,FLL,TLH,52
EV,ATL,MHT,2
EV,ATL,TRI,347
EV,MSN,ATL,56
EV,ABE,ATL,112
EV,ORD,ORF,44
EV,DTW,MCI,76
EV,GSO,IAD,84
EV,GSP,CVG,1
EV,ATL,VLD,158
EV,ORD,CMH,20
EV,MLU,MEM,100
EV,AEX,ATL,260
EV,PIT,IAD,8
EV,ATL,IAD,44
EV,JAX,MEM,32
EV,OMA,DTW,132
EV,ATL,IAH,62
EV,DTW,GRR,28
EV,DTW,IAH,65
EV,DTW,RDU,2
EV,SGF,MEM,58
EV,CHS,ORD,4
EV,PIT,DFW,1
EV,BOS,DTW,17
EV,LIT,ATL,384
EV,HSV,MEM,116
EV,MCI,MEM,74
EV,BWI,MEM,48
EV,ATL,MYR,262
EV,CRW,ATL,259
EV,CVG,EWR,46
EV,ALB,ATL,61
EV,IAD,JFK,224
EV,GSP,IAD,24
EV,BDL,DCA,88
EV,ATL,GRK,112
EV,MEM,GTR,56
EV,ATL,MSY,6
EV,MEM,CLE,54
EV,CVG,BWI,24
EV,ATL,PIT,109
EV,EWR,ATL,22
EV,GSO,ORD,38
EV,CVG,DFW,21
EV,IAD,LGA,156
EV,DCA,MSN,28
EV,DEN,CVG,4
EV,ATL,DAB,6
EV,CVG,ORD,68
EV,BTV,IAD,53
EV,MEM,VPS,134
EV,PIT,CVG,12
EV,IAD,ALB,93
EV,EWR,MEM,89
EV,IAD,DAY,2
EV,ATL,FNT,63
EV,MEM,SHV,154
EV,ATL,LFT,156
EV,ATL,EVV,158
EV,MEM,MOB,160
EV,ATL,SBN,8
EV,IND,DCA,2
EV,ATL,ORD,2
EV,BUF,IAD,71
EV,ATL,ORF,4
EV,CLT,MEM,86
EV,ORF,IAD,44
EV,ATL,HPN,220
EV,ATL,SDF,317
EV,BOS,CVG,2
EV,VPS,ATL,522
EV,ATL,BTR,420
EV,ORD,SBN,52
EV,ATL,GRR,99
EV,DTW,MHT,54
EV,IAD,MHT,24
EV,MEM,MLI,24
EV,CHS,IAD,46
EV,CVG,CLE,2
EV,ATL,ICT,116
EV,DEN,MEM,64
EV,ATL,CAE,578
EV,ATL,PHF,66
EV,ATL,OKC,197
EV,CVG,PHL,32
EV,ATL,DHN,214
EV,OKC,MEM,48
EV,MEM,DTW,2
EV,ATL,LWB,56
EV,ATL,GPT,204
EV,ATL,EWN,112
EV,BNA,DTW,54
EV,ATL,ELP,32
EV,MEM,IAH,36
EV,IAD,SYR,4
EV,ATL,HOU,30
EV,ATL,CMH,38
EV,ATL,MLB,74
EV,JAN,DCA,29
EV,MEM,JAN,160
EV,MEM,LFT,112
EV,ATL,MLI,222
EV,ATL,MLU,158
EV,DFW,MEM,35
EV,ATL,EYW,56
EV,ATL,TUL,110
EV,IAD,DTW,53
EV,ATL,ROA,214
EV,LEX,MEM,56
EV,ATL,DTW,2
EV,XNA,DTW,2
EV,DTW,JAX,110
EV,CVG,DTW,108
EV,MEM,MSY,20
EV,ORD,MHT,4
EV,ATL,ILM,325
EV,IAD,PWM,109
EV,BOS,DCA,447
EV,SBN,DTW,8
EV,ATL,BHM,430
EV,ELM,DTW,108
EV,ATL,CHO,158
EV,IAD,PNS,56
EV,DTW,DCA,47
EV,ORD,BTV,2
EV,MCI,CVG,2
EV,GNV,ATL,364
EV,PHL,MEM,63
EV,ATL,SYR,100
EV,ATL,BNA,110
EV,BNA,MEM,64
EV,DTW,ABE,4
EV,ATL,MEM,66
EV,HSV,IAD,84
EV,ATL,MEI,104
EV,CVG,ATL,28
EV,ATL,PNS,2
EV,MEM,MGM,154
EV,ATL,OAJ,212
EV,MEM,TUL,67
EV,ATL,TYS,384
EV,ATL,XNA,230
EV,DAY,ORD,26
EV,STL,CVG,26
EV,ATL,AVL,448
EV,CHA,ATL,518
EV,ALB,DTW,4
EV,FAY,ATL,482
EV,AUS,DTW,28
EV,FWA,CVG,2
EV,CMH,IAD,56
EV,ATL,CHS,8
FL,BWI,SRQ,44
FL,ROC,RSW,18
FL,ATL,RIC,196
FL,LEX,MCO,32
FL,MDW,RSW,136
FL,MCO,PWM,8
FL,MCI,MCO,26
FL,MCO,SJU,112
FL,AVL,MCO,24
FL,ATL,UTM,32
FL,EYW,MCO,56
FL,FLL,MKE,44
FL,BWI,CLT,108
FL,DCA,RSW,56
FL,ACY,ATL,112
FL,ATL,IND,178
FL,ABE,MCO,44
FL,ATL,PBI,168
FL,ATL,JAX,208
FL,BWI,ROC,112
FL,IND,TPA,100
FL,ATL,BMI,160
FL,MCO,PIT,128
FL,MKE,MSP,156
FL,MCO,DFW,44
FL,GRR,MCO,56
FL,CMH,FLL,44
FL,FLL,LEX,24
FL,FNT,RSW,44
FL,BWI,PBI,44
FL,ATL,LGA,407
FL,DAY,MCO,56
FL,BUF,RSW,14
FL,ATL,CLT,128
FL,CMH,RSW,100
FL,TPA,DAY,45
FL,CRW,MCO,24
FL,DTW,MCO,100
FL,CAK,MCO,95
FL,BKG,MCO,8
FL,ATL,BKG,56
FL,CAK,LGA,111
FL,LAS,MKE,147
FL,BOS,BWI,303
FL,ATL,DCA,324
FL,LGA,LAS,2
FL,MKE,SRQ,56
FL,ATL,STL,168
FL,BOS,RSW,68
FL,GRR,RSW,42
FL,ATL,FLL,446
FL,ATL,RDU,208
FL,DSM,MCO,16
FL,LAX,MKE,100
FL,MCO,RIC,45
FL,CAK,TPA,56
FL,HPN,MCO,44
FL,ATL,IAD,176
FL,BWI,MIA,44
FL,LGA,PHF,104
FL,MCO,STL,44
FL,BWI,TPA,156
FL,ATL,RSW,228
FL,FLL,MDT,24
FL,BWI,FLL,168
FL,ABE,FLL,26
FL,ATL,CAK,213
FL,DEN,MKE,56
FL,LGA,MCO,16
FL,ATL,SFO,56
FL,BMI,RSW,14
FL,BWI,MSY,44
FL,ATL,MSY,212
FL,MCO,MDW,156
FL,MCO,MDT,56
FL,ATL,DAY,167
FL,ATL,DEN,164
FL,ATL,MSP,208
FL,ATL,PIT,212
FL,ATL,TPA,399
FL,ATL,SRQ,112
FL,ATL,BUF,168
FL,FNT,MCO,56
FL,MCO,MLI,32
FL,MDW,SRQ,112
FL,IND,LGA,108
FL,BWI,SJU,28
FL,DFW,MKE,2
FL,CLT,MCO,44
FL,BOS,SRQ,8
FL,ATL,FNT,168
FL,MCO,ROC,56
FL,BWI,GRR,111
FL,MKE,RSW,110
FL,ATL,HPN,104
FL,FLL,IND,56
FL,BWI,JAX,97
FL,BMI,MCO,32
FL,MKE,PHX,36
FL,ATL,MKE,234
FL,ATL,PHL,243
FL,IND,RSW,172
FL,BUF,MCO,50
FL,ATL,ICT,160
FL,GPT,TPA,24
FL,BWI,MKE,111
FL,MKE,TPA,80
FL,ATL,PHF,196
FL,BWI,PWM,112
FL,ATL,MCO,505
FL,ATL,MCI,168
FL,BWI,MCO,281
FL,DCA,MCO,56
FL,ATL,GPT,24
FL,PIT,TPA,44
FL,ATL,LAS,155
FL,DCA,MKE,216
FL,HSV,MCO,56
FL,ATL,LAX,154
FL,LGA,MKE,246
FL,ATL,HOU,256
FL,IND,SRQ,44
FL,ATL,CMH,112
FL,FLL,PIT,88
FL,ATL,MDW,294
FL,MLI,RSW,14
FL,PIT,RSW,80
FL,IND,MCO,208
FL,CMH,MCO,44
FL,MCO,PHF,56
FL,BWI,RSW,100
FL,ATL,BOS,214
FL,ATL,ROC,112
FL,MKE,SFO,56
FL,ATL,PHX,92
FL,ATL,DTW,186
FL,CAK,RSW,44
FL,MCO,TYS,32
FL,ATL,BWI,323
FL,MKE,SEA,55
FL,BOS,CAK,56
FL,MCO,PHL,180
FL,ROC,TPA,50
FL,TPA,GRR,42
FL,MKE,MSY,56
FL,ATL,DFW,319
FL,ATL,MEM,196
FL,BOS,MCO,100
FL,ATL,SJU,76
FL,MCO,MKE,178
FL,ATL,PNS,160
FL,BWI,HSV,112
FL,ATL,SAT,164
FL,MCO,MSP,56
FL,BOS,PHF,56
FL,BWI,DAY,140
FL,HPN,PBI,100
FL,BOS,MKE,108
FL,FNT,TPA,44
DL,LGA,ATL,840
DL,SLC,EWR,102
DL,SLC,LAX,270
DL,RSW,CVG,112
DL,MEM,MSY,88
DL,MSP,DFW,76
DL,ATL,ONT,56
DL,TPA,JFK,56
DL,MEM,MSP,211
DL,MSP,JFK,55
DL,SAN,DTW,52
DL,DTW,MKE,99
DL,MSP,LAS,368
DL,DCA,MSP,277
DL,BDL,MSP,62
DL,CMH,ATL,328
DL,BUF,ATL,268
DL,MEM,SLC,52
DL,ANC,SLC,56
DL,ATL,JAN,52
DL,ATL,PHF,173
DL,MEM,TPA,56
DL,SLC,DFW,2
DL,SLC,SAN,194
DL,DTW,ORD,250
DL,MSP,STL,128
DL,DEN,MSP,308
DL,ATL,PBI,544
DL,GRB,MSP,75
DL,ATL,JAX,644
DL,BDL,MCO,112
DL,MEM,STL,54
DL,MCO,BOS,112
DL,ORF,ATL,330
DL,PHL,ATL,518
DL,SAT,JFK,1
DL,MSP,ANC,56
DL,MKE,MSP,290
DL,RSW,DTW,268
DL,MSP,EGE,4
DL,ATL,MTJ,4
DL,SLC,CVG,112
DL,SAN,ATL,266
DL,DTW,CLT,158
DL,SLC,JAC,99
DL,ATL,CLE,82
DL,MSP,IND,135
DL,DTW,MSY,80
DL,SJU,JFK,112
DL,RDU,DTW,118
DL,LAX,ATL,568
DL,BOI,SLC,86
DL,LAX,HNL,168
DL,HNL,SLC,56
DL,IAD,ATL,376
DL,MSP,RDU,4
DL,LAX,LIH,56
DL,DFW,DTW,27
DL,DTW,SFO,162
DL,ATL,HDN,56
DL,MIA,DCA,112
DL,DTW,MCI,54
DL,LAX,MSP,338
DL,DTW,MCO,336
DL,SEA,DTW,160
DL,PHX,ATL,316
DL,SAT,DTW,48
DL,PHL,MSP,182
DL,ORD,MSP,117
DL,CVG,LGA,108
DL,LAX,CVG,130
DL,SLC,PDX,122
DL,DTW,GRB,27
DL,RIC,ATL,398
DL,ATL,SEA,265
DL,MSP,ATL,618
DL,ATL,STT,84
DL,CVG,FLL,100
DL,FLL,LGA,332
DL,SLC,OAK,112
DL,MEM,PIT,4
DL,MEM,DFW,2
DL,OGG,LAX,112
DL,FLL,MEM,80
DL,MSP,SEA,280
DL,DTW,TPA,321
DL,PHL,DTW,163
DL,COS,ATL,56
DL,ATL,HSV,56
DL,BDL,DTW,54
DL,MSP,FLL,125
DL,LAX,CMH,24
DL,ATL,MHT,33
DL,ATL,STL,408
DL,SAN,JFK,104
DL,JFK,DTW,107
DL,LAX,MEM,154
DL,SLC,LAS,341
DL,ATL,BDL,318
DL,JFK,MCO,222
DL,MIA,CVG,56
DL,CLT,ATL,471
DL,JFK,PHX,56
DL,MEM,BWI,42
DL,FLL,BDL,112
DL,MSP,TPA,181
DL,DTW,MIA,162
DL,LGA,MEM,164
DL,MSP,HNL,24
DL,ATL,PWM,81
DL,SLC,SNA,228
DL,SFO,LAX,112
DL,SNA,ATL,258
DL,DTW,BOS,285
DL,MEM,MCO,168
DL,CVG,JFK,56
DL,MSN,MSP,110
DL,DTW,SLC,224
DL,AUS,ATL,310
DL,SJU,ATL,288
DL,MEM,MCI,10
DL,SFO,ATL,312
DL,MSP,RSW,213
DL,ATL,DFW,544
DL,DTW,DEN,168
DL,FAR,MSP,116
DL,LGA,MSY,152
DL,LAX,LAS,74
DL,DTW,PHX,216
DL,SAT,ATL,415
DL,ATL,ABQ,112
DL,ATL,OMA,25
DL,CVG,DEN,56
DL,MCO,LAX,112
DL,MEM,LAS,110
DL,GRR,DTW,56
DL,LIT,ATL,56
DL,BDL,TPA,56
DL,LAS,SNA,52
DL,DCA,ATL,838
DL,MSP,PSP,4
DL,SEA,HNL,56
DL,SNA,MSP,146
DL,TPA,CVG,112
DL,ELP,ATL,80
DL,DTW,BWI,306
DL,ALB,ATL,52
DL,CVG,SFO,48
DL,ATL,TUS,104
DL,JFK,ATL,372
DL,MCO,SLC,100
DL,JFK,SFO,272
DL,SEA,JFK,128
DL,DCA,MCO,212
DL,LGA,BOS,622
DL,BZN,MSP,58
DL,DTW,LGA,479
DL,MSP,LGA,329
DL,BOS,SLC,102
DL,ATL,PVD,158
DL,ATL,MSY,582
DL,ATL,DAY,212
DL,GEG,SLC,112
DL,DTW,IND,168
DL,MSP,BOI,26
DL,ATL,PIT,319
DL,EWR,ATL,558
DL,ATL,TPA,634
DL,SAV,ATL,384
DL,MKE,ATL,322
DL,ATL,SRQ,334
DL,DFW,JFK,1
DL,DEN,ATL,460
DL,ATL,JAC,12
DL,LAX,TPA,52
DL,LGA,JAX,52
DL,MSP,BIL,23
DL,LGA,PBI,208
DL,SFO,HNL,48
DL,DCA,SLC,56
DL,BOS,JFK,4
DL,SMF,MSP,96
DL,IAH,ATL,266
DL,RSW,LGA,154
DL,MLB,ATL,150
DL,MIA,MEM,106
DL,MCO,CVG,162
DL,DEN,JFK,56
DL,KOA,LAX,56
DL,ATL,FNT,114
DL,BOS,MSP,262
DL,DTW,SJU,8
DL,ATL,ORD,481
DL,ATL,STX,10
DL,STL,SLC,56
DL,CLT,MEM,50
DL,MCI,MSP,104
DL,ATL,SDF,87
DL,JAX,DTW,2
DL,MSP,GRR,125
DL,DAB,ATL,241
DL,LAX,FLL,48
DL,ATL,GRR,23
DL,IND,SLC,50
DL,MSP,SFO,260
DL,MSP,OMA,14
DL,LIT,MEM,33
DL,ATL,SLC,473
DL,MEM,ORD,48
DL,FLL,ATL,778
DL,ATL,OKC,19
DL,ATL,MCO,888
DL,ATL,MCI,392
DL,DTW,STL,155
DL,MSP,IAD,4
DL,SLC,RNO,110
DL,PBI,DTW,157
DL,EWR,DTW,76
DL,EWR,MSP,52
DL,DTW,LAS,316
DL,ECP,ATL,110
DL,ATL,GPT,50
DL,LGA,MCO,328
DL,ATL,BZN,12
DL,BNA,DTW,105
DL,SLC,MSP,244
DL,CVG,PHX,56
DL,DCA,DTW,312
DL,ATL,TLH,56
DL,CVG,BOS,28
DL,EGE,ATL,56
DL,ATL,HOU,158
DL,MSP,SAN,164
DL,IND,LAX,36
DL,BDL,PBI,56
DL,BDL,RSW,56
DL,SLC,SEA,254
DL,PIT,DTW,2
DL,CHS,ATL,372
DL,IND,ATL,413
DL,ATL,MDW,374
DL,ATL,SYR,23
DL,SJC,ATL,46
DL,LAX,DTW,301
DL,ATL,EYW,112
DL,LAS,ATL,430
DL,SRQ,DTW,56
DL,MSP,SAT,24
DL,ATL,ROC,164
DL,PNS,ATL,412
DL,JFK,FLL,168
DL,CVG,LAS,88
DL,DTW,MSN,67
DL,PHX,MSP,332
DL,TPA,LGA,206
DL,ATL,DTW,523
DL,SLC,JFK,220
DL,MSP,SJU,8
DL,MEM,SEA,36
DL,RSW,ATL,448
DL,JFK,STT,8
DL,PDX,MSP,160
DL,ATL,BWI,526
DL,MSP,TUS,40
DL,IAD,SLC,56
DL,SLC,SMF,57
DL,RDU,ATL,586
DL,SLC,PHX,168
DL,IAH,MSP,52
DL,MEM,PHX,100
DL,JFK,LAS,252
DL,JFK,LAX,372
DL,SLC,PHL,98
DL,BWI,SLC,100
DL,GSO,ATL,52
DL,MSP,DTW,466
DL,ATL,BNA,276
DL,SMF,ATL,88
DL,ATL,MEM,423
DL,GEG,MSP,104
DL,MSP,BWI,128
DL,SEA,CVG,42
DL,ATL,HNL,56
DL,MSP,ABQ,56
DL,ATL,CVG,348
DL,BOS,ATL,579
DL,MSY,LAX,88
DL,PDX,JFK,56
DL,BHM,ATL,152
DL,MCO,MSP,269
DL,TPA,DCA,108
DL,SJC,MSP,96
DL,MIA,MSP,112
DL,MIA,JFK,272
DL,ATL,PDX,146
DL,MIA,ATL,608
DL,DCA,MEM,100
DL,DTW,MEM,218
DL,FLL,DTW,314
DL,CLT,MSP,89
YV,AUS,ORD,18
YV,PHX,SBA,254
YV,ORD,ORF,36
YV,MSN,ORD,4
YV,PHX,SBP,112
YV,EWR,IAD,2
YV,CLT,SRQ,50
YV,BWI,CLT,2
YV,ONT,PHX,16
YV,DTW,ORD,50
YV,ELP,ORD,108
YV,IAD,LGA,56
YV,BDL,ORD,4
YV,ALB,ORD,29
YV,OAK,PHX,12
YV,ORD,PWM,59
YV,CLT,MYR,52
YV,ROC,ORD,24
YV,HNL,ITO,248
YV,IND,ORD,22
YV,FAT,LAS,48
YV,PHX,SAT,166
YV,IAD,ROC,24
YV,CLT,EWR,120
YV,ATL,CLT,8
YV,CLT,IAD,344
YV,BTV,IAD,36
YV,IAD,PVD,60
YV,ORD,CHS,42
YV,CLT,RDU,76
YV,ORD,PVD,16
YV,CLT,DAB,66
YV,CLT,PIT,16
YV,BDL,CLT,8
YV,BUR,PHX,118
YV,DSM,ORD,32
YV,BNA,CLT,194
YV,ATL,IAD,141
YV,MCI,ORD,32
YV,CLT,CVG,198
YV,HNL,OGG,376
YV,CLT,DTW,56
YV,PHX,SMF,16
YV,PHX,PSP,320
YV,CLT,STL,96
YV,IAD,JAX,112
YV,HNL,KOA,312
YV,MIA,ORD,32
YV,AVP,CLT,8
YV,ABQ,PHX,249
YV,MEM,PHX,112
YV,GJT,PHX,144
YV,FLG,PHX,310
YV,IAD,DFW,10
YV,DTW,IAD,3
YV,LAS,SFO,120
YV,LAS,LAX,56
YV,PHX,SLC,16
YV,IAD,IND,41
YV,ORD,BNA,2
YV,BUF,ORD,42
YV,LAS,PHX,64
YV,ORD,SAT,55
YV,ORD,SAV,8
YV,IAD,MIA,52
YV,CLT,FAY,50
YV,IAD,IAH,4
YV,CLT,MDT,100
YV,PHX,TEX,104
YV,BFL,PHX,176
YV,IAD,PIT,82
YV,BUF,CLT,20
YV,ALB,IAD,50
YV,IAD,ORF,145
YV,CLT,PNS,120
YV,CLT,RIC,80
YV,JAX,ORD,89
YV,CLT,ILM,228
YV,ATL,ORD,69
YV,BUF,IAD,50
YV,CLT,MEM,240
YV,LGB,PHX,208
YV,ORD,SBN,92
YV,CHS,IAD,11
YV,IAD,MHT,4
YV,CLT,SDF,142
YV,BHM,CLT,40
YV,CLT,GSO,112
YV,PHX,YUM,328
YV,MEM,ORD,22
YV,PHX,SNA,80
YV,BTV,ORD,8
YV,MDT,ORD,8
YV,MRY,PHX,116
YV,CLT,PVD,8
YV,ELP,PHX,247
YV,IAD,SYR,72
YV,CHS,CLT,208
YV,HNL,LIH,324
YV,CLT,SAV,120
YV,CLT,SAT,102
YV,BDL,IAD,80
YV,CLT,SYR,16
YV,CLE,CLT,160
YV,SAT,IAD,34
YV,CLT,IND,8
YV,ATW,ORD,2
YV,MHT,ORD,55
YV,IAD,PWM,34
YV,DSM,PHX,112
YV,IAD,MCI,56
YV,IAD,RDU,88
YV,ORD,PIT,22
YV,MCI,PHX,16
YV,AUS,CLT,160
YV,FAT,PHX,232
YV,ORD,SYR,64
YV,AUS,PHX,224
YV,ORD,RDU,125
YV,PHX,TUS,480
YV,ORD,PHL,64
YV,DAY,ORD,43
YV,CLT,ORF,148
YV,CLT,ORD,174
YV,AUS,IAD,33
YV,OMA,PHX,36
YV,CLT,JAX,28
YV,DRO,PHX,112
YV,CLT,MSY,24
YV,DFW,ORD,50
YV,CLT,MSP,4
